token,frequency,example_sentence,canonical_form,meaning
م,2505,,,
ل,2251,,,
ن,2084,,,
tips,2075,Umum mengetahui Hanis gemar berkongsi tips dan pengalaman menjaga Yusuf.,,
ي,2031,,,
و,1894,J : Ayat 3 surah Al-maidah أليوم أكملت لكم دينكم وأ تممت عليكم نعمتي و رضيت لكم الإسلام دينا) T : Apakah nama Surah yang tanpa Basmalah?,,
a,1743,"Me: Eeeeeeii A few hours later, hati saya masih tak tenang sebab soalan-soalan pelik Haikal tadi masih bermain-main dalam fikiran.",,
ه,1684,,,
ر,1538,,,
ا,1453,"Daripada Ummul Mukminin, Umm Salamah R.Anha bahawa Rasulullah SAW bersabda: مَا مِنْ عَبْدٍ تُصِيبُهُ مُصِيبَةٌ، فَيَقُولُ إِنَّا لِلَّهِ وَإِنَّا إِلَيْهِ رَاجِعُونَ، اللهُمَّ أْجُرْنِي فِي مُصِيبَتِي، وَأَخْلِفْ لِي خَيْرًا مِنْهَا، إِلَّا أَجَرَهُ اللهُ فِي مُصِيبَتِهِ، وَأَخْلَفَ لَهُ خَيْرًا مِنْه ا Maksudnya: ""Tiada daripada kalangan hamba (Allah) yang ditimpa suatu musibah, kemudian mengucapkan: ""Innā lillāhi wa innā ilaihi rājiʿun (Sesungguhnya kami milik Allah dan pastinya kami akan kembali kepada-Nya), Ya Allah!",,
ع,1366,,,
ب,1296,,,
أ,1134,,,
ف,1113,,,
ت,1065,,,
ك,1040,,,
c,995,"Hanya 1 cawan (91 gram) brokoli mentah menyediakan 77% daripada DV untuk vitamin K, 90% daripada DV untuk vitamin C dan sejumlah besar folat, mangan dan kalium.",,
ال,970,,,
tv,816,"Habitat cicak : Tempat yang hangat (disebabkan sekarang ni kan musim hujan sebab tu banyak cicak masuk rumah, dia orang sejuk kat luar tu), belakang almari, belakang tv, sekitar peti ais, sekitar lampu, belakang bingkai gambar dan cermin.",,
in,751,2 in 1 aktiviti ni.,,
ق,715,,,
س,685,,,
b,656,"3. BUCKET B CAFE, IPC SHOPPING CENTRE Kafe ini dimiliki oleh seorang ibu yang ternyata mahu memberikan kepuasan yang sama buat para ibu bapa untuk melihat anak-anak bergembira.",,
no,649,"Kalau tak cukup, no toys!",,
ح,630,,,
د,617,,,
s,595,"J Clin Endocrinol Metab 2009;94:1768-74. [5] Yin P, Lin Z, Reierstad S, et al.",,
diy,580,Apa kata cuba aktivi DIY di bawah ni.,,
info,554,"Untuk info selanjutnya anda boleh pergi ke laman web - Pameran Jelajah Asia One Piece ""The Great Era of Piracy"" One Piece ""The Great Era of Piracy"" Asia Tour Exhibition 3. Lucky Wednesday Peluang untuk bawa pulang hadiah sebanyak RM1.8 juta?",,
ة,530,,,
swt,507,Sebaliknya makan dengan tertib dan cermat sebagai tanda merendah diri dan bersyukur kepada Allah SWT.,,
إ,501,,,
kwsp,498,Untuk sebarang maklumat layari laman web rasmi mereka di http://ivfkasih.com/my/ KUMPULAN WANG SIMPANAN PEKERJA (KWSP) KWSP baru-baru ini mengumumkan pencarum yang ingin menjalani rawatan kesuburan boleh membuat pengeluaran melalui akaun 2. Ini sebagai tanda sokongan pihak KWSP kepada pasangan yang sedang berusaha untuk memiliki zuriat namun terbeban dek masalah kewangan.,,
ى,483,,,
okay,479,Coloring book or sticker book yang itu okay.,,
vivo,442,"Konsert Big Stage, konsert hebat yang ditaja oleh Vivo telah memulakan konsert pembukaannya pada Ahad lepas.",,
doh,439,Gaul hingga rata 4. Bahagikan doh kepada 2/3 bahagian bergantung kepada warna apa yang anda mahukan.,,
mohd,431,"Contohnya, 'Muhammad Aisy Rizqi Bin Mohd Fhais, kemas mainan sekarang'.",,
ص,426,,,
ج,424,,,
pkp,406,"Semenjak kita berada dalam tempoh PKP, ramai dalam kalangan kita sudah lama tidak keluar membeli-belah macam dahulu.",,
mee,384,"Mee goreng mamak, kek batik, anggur.",,
ذ,376,,,
is,373,"7) Kepelbagaian bunyi kentut adalah disebabkan oleh the amount of gas, the force at which it is expelled, and the tightness of the sphincter muscles (otot di saluran tersebut ).",,
haa,369,Haa jangan risau.,,
w,360,"""Kenapa orang selalu cakap posisi duduk W ni tak elok?",,
ش,321,,,
my,307,ee/hd5y4ya 9. MY IDEAL SHOP : https://shp.,,
الل,300,,,
t,294,"Alamat : T 23A, Atria Shopping Gallery, Jalan SS22/23, Damansara Jaya, 47400 Petaling Jaya.",,
kkm,294,"DAPAT LOGO 'PILIHAN LEBIH SIHAT' DARI KKM Sejak dilancarkan pada 1983 sebagai minuman isotonik PERTAMA Malaysia, 100PLUS sentiasa ke hadapan dengan pelbagai kempen kesukanan dan gaya hidup aktif.",,
an,290,"Be ahead of everyone else to experience 5G with an affordable price with the HUAWEI Mate30Pro 5GOwn The Super Flagship HUAWEI Mate 30 Pro 5G for RM4,199. Available from 7th February 2020 onwards.",,
ha,284,"Punyalah Hani anti (dan geli) dengan cicak, ha hambik satu post Hani buat khas untuk dia.",,
خ,283,,,
fm,273,"fm, Bank RHB dan Quantum Petroleum.",,
لا,259,) Syaikh al-Albani rahimahullah menyatakan: وفيه دليل على أن من طلع عليه الفجر وإناء الطعام أو الشراب على يده أنه يجوز له أن لا يضعه حتى يأخذ حاجته منه فهذه الصورة مستثناة من الآية: وكلوا واشربوا حتى يتبين لكم الخيط الأبيض من الخيط الأسود من الفجر.,,
r,255,"Kedai kedua terbesar RSH pula adalah STUDIO R. Ia juga memenuhi keperluan barangan sukan dan gaya hidup yang tak terhad, sama seperti STADIUM.",,
e,254,"1. Aisha Kidz Planet - Bandar Baru Bangi - Precint 9 Putrajaya - Setia Ecohill Semenyih 2. The Parenthood - Sunway Pyramid West - MyTown Shopping Centre - Sunway Putra Mall 3. Kidzoona - Aeon mall Cheras Selatan - Aeon Mall Taman Equine - Aeon Mall Shah Alam - Aeon Mall AU2 - Aeon Mall Rawang - Aeon Style Maluri - Aeon Big Mid Valley - IOI City Mall Putrajaya - Subang Empire - Central I-City Shah Alam 4. Jungle Gym - Bangsar Shopping Centre - Atria Shopping Gallery 5. Superkidz - Alamanda Shopping Centre Putrajaya - 1 Shamelin Mall Kuala Lumpur 6. Kidz Zone - Melawati Mall 7. Charm Kids -Selayang Mall 8. Kizsports & Gym -Lotus (Ex Tesco) Selayang 9. Kids planet - Wangsa Walk Mall 10. Happy Land - Lotus Mutiara Damansara 11. Starship Galactica - One Utama Shopping Centre 12. Waka Waka - Furama Bukit Bintang 13. Chatoys - The Mines Shopping Mall 14. A+ Babyland - Aeon BiG Ampang - Aeon BiG Wangsa Maju 15. Play by Reka - IOI Mall Puchong 16. Dreamworld Playland - IOI City Mall Putrajaya 17. We Rock The Spectrum - Melawati Mall - Jalan Limau Manis, Bangsar - Evolve Concept Mall Ara Damansara 18. Space Joe Playland - 1 Mont Kiara 19. Coco Fun Land - M3 Mall Taman Melati 20. Kid's E World - The Gardens Mall 21. J Kids - Publika Shopping Gallery 22. Kids Nation - 163 Retail Park Mont Kiara 23. Milkyway Playspace - Paradigm Mall Petaling Jaya 24. CAT Playground - Sunway Putra Mall 25. Kidz Kingdom Playground - SetiaWalk Mall Puchong Jom pergi!",,
it,238,"7) Kepelbagaian bunyi kentut adalah disebabkan oleh the amount of gas, the force at which it is expelled, and the tightness of the sphincter muscles (otot di saluran tersebut ).",,
kong,233,"10 Individu Yang Menjadi Jutawan Dalam Memerangi Covid-19 1. Li Jianquan dan keluarga (Hong Kong) Nilai kekayaan : AS$ 6.8 bilion (RM 28 bilion) Merupakan orang ke-17 yang terkaya di Hong Kong, Li Jianquan memiliki syarikat Winner Medical, iaitu antara pengeluar terbesar bagi pelitup muka dan PPE yang berjaya menembusi pasaran seluruh dunia dalam melawan wabak Covid-19 ketika ini.",,
ث,231,,,
bhd,231,"Harga: Dari RM155+ Semalaman Jarak Dari Cherating: 27.6 KM via Jln Kuantan - Kemaman| 27 Minit Pemanduan Alamat: 152, Sg Karang, Beserah, 26100 Kuantan 6. Home 2 Hotel Sdn Bhd Dari Home 2 Hotel Sdn Bhd untuk ke Cherating hanyalah 15 minit pemanduan.",,
m,229,9) Puteri Nur Azzahra Aziz (Aziz M Osman & Puteri Lily) Foto Kredit : Instagram Ara Aziz Puteri comel ini adalah anak kepada pengarah terkenal Aziz M Osman dan Isteri Puteri Lily.,,
esen,229,2. TART BUNGA TULIP Bahan-bahan: 250gm butter/majerin 30gm gula halus 1 biji kuning telur 300gm tepung gandum 200gm tepung jagung 1/4 cawan susu pekat 1 sudu kecul esen vanila Pewarna yang disukai Jem nanas Cara penyediaan: 1. Pukul butter dengan gula menggunakan senduk kayu.,,
ii,226,GODAAN II: Betul ka aku nak kahwin dengan dia ni.,,
ض,220,,,
ان,218,"Berdasarkan hadis-hadis di atas, Imam al-Nawawi mengatakan bahawa pendapat yang sahih di sisi mazhab al-Syafie adalah: ان نزلت بالمسملين نَازِلَةٌ كَخَوْفٍ أَوْ قَحْطٍ أَوْ وَبَاءٍ أَوْ جَرَادٍ أَوْ نَحْوِ ذَلِكَ قَنَتُوا فِي جَمِيعِهَا وَإِلَّا فَلَا Maksudnya: Sekiranya ditimpa ke atas orang-orang Islam musibah seperti ketakutan, kebuluran, wabak, (serangan) belalang dan lain-lain, maka dibacakan qunut pada semua solat, namun jika tiada musibah, maka tidak perlu membaca qunut"".",,
kpm,217,"SEKOLAH DI KAWASAN ZON MERAH DALAM PETALING, SELANGOR DITUTUP Selaras dengan perutusan Khas YAB Perdana Menteri pada 6 Oktober 2020 berhubung keputusan kerajaan untuk menutup sekolah di kawasan-kawasan yang disahkan zon merah oleh KKM, KPM memaklumkan bahawa semua sekolah di kawasan zon merah di Petaling, Selangor, akan ditutup bermula 12 Oktober 2020 sehingga 25 Oktober 2020. Ini melibatkan sebanyak 298 buah sekolah di seluruh daerah Petaling.",,
sdn,199,"Harga: Dari RM155+ Semalaman Jarak Dari Cherating: 27.6 KM via Jln Kuantan - Kemaman| 27 Minit Pemanduan Alamat: 152, Sg Karang, Beserah, 26100 Kuantan 6. Home 2 Hotel Sdn Bhd Dari Home 2 Hotel Sdn Bhd untuk ke Cherating hanyalah 15 minit pemanduan.",,
الله,193,"Diriwayatkan daripada Abdullah bin Buraidah, daripada ayahnya, katanya: كَانَ النَّبِيُّ صلى الله عليه وسلم َلا يَخْرُجُ يَوْمَ الْفِطْرِ حَتَّى يَطْعَمَ وَلا يَطْعَمُ يَوْمَ الْأَضْحَى حَتَّى يُصَلِّي Maksudnya: ""Nabi Muhammad SAW tidak keluar (ke tempat solat) pada Aidilfitri sehingga beliau makan terlebih dahulu, dan beliau tidak makan terlebih dahulu pada Aidiladha sehingga beliau solat terlebih dahulu"".",,
ط,192,,,
ام,186,,,
app,185,ly/BelajarAbcNomborDanWarna (android) - App Store: http://bit.,,
hani,179,#kemasrumahwithhani : pengurusan cicak dan 10 cara hilangkan cicak kat rumah Hani tahu ramai yang tunggu hani post pasal pengurusan cicak kat rumah ni.,,
وا,178,,,
haha,177,Haha!,,
j,175,"Br J Nutr (2013), 109, 1031-1039. Dietary arginine and linear growth: the Copenhagen school child intervention study 6) Van Summeren MJ et al.",,
noor,172,"*Perkongsian ini adalah hasil penulisan dari Puan Noor Afidah Abu Bakar, Parent Connect Consultancy di laman Facebooknya.",,
h,169,H Trends tawarkan pakej promosi berbaloi untuk anda rebut!,,
ra,168,"Nabi suruh Ali RA baca surah Al-Insyirah untuk kuat ingatan, mudah faham, jadi tenang, mudah patuh arahan ibubapa dan tidak banyak meragam.",,
ummi,161,Tapi disebabkan ummi dan abi jadi tukang sorak teruih dia bersemangat waja.,,
th,161,Contoh dulu masa 11 bulan mcm th yaya suka sebut jatuh as ja ja.,,
id,159,ID GODAAN: Saya sayang awak lagi.,,
ين,158,,,
apps,158,"Jangan risau, ibu ayah boleh dapatkan bantuan Apps Pendidikan Bahasa Malaysia ini untuk pembelajaran asas seperti membaca, menulis dan mengira.",,
ibn,152,"Berdasarkan hadis yang diriwayatkan oleh Ibn Majah, ganjaran dan pahalanya adalah pengampunan dosa untuk setahun.",,
iumw,150,"Selain itu, program Dual Award di IUMW membolehkan anda menghabiskan semester di kampus mereka, Universiti Wales Trinity Saint David (UWTSD) tanpa bayaran tambahan!",,
غ,149,,,
اء,147,,,
uk,146,uk 9. Pen 'Bertali' Dekat Bank / Pejabat Pen 'bertali' ni pun salah satu punca stres bagi golongan kidal tau.,,
msg,142,"Bukan itu sahaja, anda boleh membuat permintaan khas untuk makanan anda dimasak secara asing tanpa kandungan MSG.",,
f,140,Bakar pada suhu 400 ° F (204 ° C) selama 15-20 minit.,,
kfc,140,KFC pun ada hokayyyyy!,,
kpj,140,"Menurut Perunding Kanak-kanak Hospital Pakar KPJ Kajang, Dr. Nor Mahani Harun, ibu bapa seharusnya tidak terlepas pandang tentang pemberian ubat cacing kepada anak-anak.",,
ز,137,,,
sspn,136,Jom mula menyimpan dengan Bulan Menabung SSPN!,,
umar,134,"Daripada Ibnu Umar r.anhuma, Rasulullah SAW bersabda: أَحَبُّ النَّاسِ إِلَى اللَّهِ أَنْفَعُهُمْ لِلنَّاسِ، وَأَحَبُّ الأَعْمَالِ إِلَى اللَّهِ سُرُورٌ تُدْخِلُهُ عَلَى مُسْلِمٍ Maksudnya: ""Manusia yang paling dicintai Allah adalah yang paling bermanfaat bagi manusia lainnya, dan amal yang paling dicintai Allah adalah kebahagiaan yang engkau masukkan kepada diri seorang muslim"".",,
eco,133,Boleh beli di Eco.,,
ikea,133,"•Satu je kena ingat, takde bilik budak-budak yang tak bersepah dan perfectttt, melainkan kalau tengok dalam gambar katalog ikea, tu baru yerrr nampak cantikk sentiasa.",,
oreo,131,"7. OREO COOKIES Bahan A: 200gm mentega 10gm shortening 110gm gula kaster 1/2 sudu teh esen vanila Bahan B: 250gm tepung gandum 30gm tepung jagung 30gm cornflakes - kisar halus 30gm serbuk badam - disangai 30gm serbuk oreo 1/4 sudu teh baking powder Hiasan : Coklat masakan putih (dicairkan), serbuk oreo Cara penyediaan: 1. Pukul bahan A hingga berkrim.",,
fuh,130,"Fuh, lega!",,
we,130,"Tapi after reading some research-based articles, saya jumpa beberapa mind-blowing facts tentang this amazing gas we call kentut!",,
bmi,128,"Kementerian Kesihatan juga banyak beri informasi tentang pengurusan berat badan, seperti pengiraan BMI.",,
ول,128,,,
اب,123,,,
hp,117,"So nak charge hp boleh pakai power bank je, Make sure bila check in dekat powered campsite, charge semua gadget.",,
lego,114,"1. BLOKKE, CITTA MALL Kafe ini mengambil inspirasi dari lego dimana kita dapat melihat pelbagai warna daripada dekorasinya.",,
sb,114,sb bile simpan sy tgk kaler bertukar kuning n air dy p0n bertuka kaler Saya simpan paling lama seminggu dear.,,
ish,114,Ish pening!,,
jpn,113,"Baca juga: Boleh Buat Appointment JPN Daftar Kelahiran Kalau Due Date Dah Kurang Dari 2 Bulan BERAT ANAK TAK NAIK, BILA CHECK DADA BAYI TENGGELAM.",,
iii,112,Nasi Goreng Kampung iii.,,
klcc,111,ee/ftn9g5p 3. AQUARIA KLCC Tersenarai antara salah satu daripada lima akuarium teratas Asia.,,
com,108,"Com, ibu kepada kanak-kanak ini dikenali sebagai Lisda, 35 menceritakan anaknya mula ketagih rokok berikutan tabiat mengutip puntung rokok yang berada di sekitar rumahnya dan ia bermula beberapa bulan yang lalu.",,
الن,107,,,
hfmd,107,"7. HFMD Flu Spray Memandangkan sekarang musim tgh hot dgn HFMD, lalu Nad pun beli benda ni untuk pencegahan awal.",,
ibnu,103,"Daripada Ibnu Umar r.anhuma, Rasulullah SAW bersabda: أَحَبُّ النَّاسِ إِلَى اللَّهِ أَنْفَعُهُمْ لِلنَّاسِ، وَأَحَبُّ الأَعْمَالِ إِلَى اللَّهِ سُرُورٌ تُدْخِلُهُ عَلَى مُسْلِمٍ Maksudnya: ""Manusia yang paling dicintai Allah adalah yang paling bermanfaat bagi manusia lainnya, dan amal yang paling dicintai Allah adalah kebahagiaan yang engkau masukkan kepada diri seorang muslim"".",,
ivf,103,Harga: Dianggarkan sekitar RM2600 (harga adalah berbeza mengikut institusi perubatan yang dipilih) In vitro fertilization (IVF) Kredit Video - Patreskovic IVF adalah salah satu rawatan kesuburan yang boleh dikatakan agak popular.,,
blog,103,"Akhirnya aku terjumpa pasal hypnobirthing dalam blog seseorang, aku pun dah tak ingat.",,
ات,103,,,
spm,100,"4. Ya Allah, Tidak lama lagi, anak anak kami akan menduduki peperiksaan SPM dan peperiksaan-peperiksaan lain ya Allah.",,
umi,100,Saya berada di KMC bersama Anell dan umi menjaga Ajim dan Along di rumah.,,
ار,100,,,
qr,99,"Terkini, kerusi keselamatan juga akan didatangkan dengan label QR MIROS untuk produk kerusi keselamatan baru di oasaran mulai tahun hadapan.",,
v,97,ee/4vukb9z Perhatikan lace berbentuk v pada hujung baju tu.,,
bbq,97,"Dah bosan duduk di bilik, bawalah keluarga anda berkelah di tepi pantai sambil menikmati bbq.",,
peha,97,Cuba letakkan bantal di bawah perut ketika baring mengiring dan kepitkan bantal di celah peha untuk menyokong tulang belakang anda.,,
l,96,"9. BISKUT CORNFLAKES CRUNCHY Bahan-bahan: 250gm butter 50gm tepung jagung 100gm gula perang 200gm tepung gandum 1 sudu teh l esen vanila 300gm cornflakes diramas kasar Cornflakes secukupnya untuk disalut dengan biskut Cara penyediaan: 1. Pukul butter dan gula hingga sebati, pakai senduk kayu ya.",,
ah,95,"11.Hong Leong Bank - The Grown Ups' Table Sempena perayaan Tahun Baru Cina, Ah Girl yang sentiasa terpaksa duduk di meja makan bersama budak-budak ketika makan malam besar ingin merasa duduk di meja utama.",,
y,94,"usnews.com Balik semula untuk anak umur macam Adam (1 y 11 month), bagi dia makan kenyang-kenyang dalam pukul 7 tu.",,
do,94,"Dan tetiba saya terfikir, why don't I do some readings on that.",,
hmm,94,"Hmm, tengok sahaja video di bawah ni.",,
sk,94,"Sekolah yang diarahkan tutup adalah Sekolah Agama Menengah (SAM) Bestari Subang, Sekolah Menengah Kebangsaan (SMK) Bukit Jelutong, Sekolah Kebangsaan (SK) Puchong Perdana, SK Bandar Baru Sri Damansara 2, SK Bukit Kuchai dan SMK Bandar Sri Damansara 2. Turut diarahkan tutup adalah SK Bandar Sri Damansara 3, Sekolah Jenis Kebangsaan Cina (SJKC) Yuk Chai, SMK Damansara Jaya, SK Bukit Jelutong, SMK Seksyen 7, SK USJ 20, SMK USJ 23, SMK Puchong dan SMK Puchong Utama 1. Selain itu, SMK Seksyen 4 Bandar Kinrara, SMK Bandar Puncak Jalil, SMK Seksyen 20 dan SMK Puchong Perdana.",,
cwn,93,"di hiris 3,setiap 1 ) 1/2 cwn gula pasir 1 cawan santan pekat KARA (200 mls ) dicampurkan air = jadikan 2 cawan santan.",,
ون,90,,,
o,90,"Jika sebelum ini anda sering membancuh air teh susu, apa kata anda amalkan meminum teh o atau campur sedikit limau supaya ia jadi teh o limau.",,
pks,90,"Bagi semua golongan B40 dan rakyat yang terjejas ekoran kehilangan pekerjaan serta perusahaan mikro dan PKS yang tidak dibenarkan beroperasi dalam tempoh PKP, terdapat 2 pilihan yang akan diberikan iaitu: Diberi pilihan untuk mendapatkan kelulusan moratorium secara automatik selama tiga bulan ATAU Boleh memilih untuk mendapatkan pengurangan bayaran balik secara ansuran sebanyak 50 peratus selama tempoh enam enam bulan Wah, berita baik tu kan?",,
اس,89,,,
ic,89,14 TIPS BERGUNA UNTUK BAKAL PENGANTIN 1. PERSEDIAAN BAJU DAN TUDUNG 2.TEPATI MASA 3. BAHAGI TUGAS ANTARA PENGAPIT 4. JANGAN LUPA BAWA IC 5. PENGANTIN LELAKI MESTI ADA SEMUA BARANG KELENGKAPAN *Memang berguna kan tips yang diberi ini?,,
scha,88,"Ashlee berkongsi pendapatnya dalam jamuan teh pemenang peraduan Mak Kata, Saya Anak Bijak, di mana para pemenang meluangkan masa bersama Duta Dutch Lady Nutri Plan™, Scha Alyahya dan anak perempuannya Lara Alana.",,
oku,88,"9. Kerajaan mengumumkan bantuan RM 1.7 bilion untuk kebajikan semua pihak termasuk warga emas, OKU dan kanak-kanak.",,
jpj,88,"Turut menaja festival pemotoran yang bertemakan ""Riders for the Future"" adalah Kementerian Pelancongan Malaysia, Jabatan Keselamatan Jalan Raya Malaysia, DBKL, Polis DiRaja Malaysia, Skuad Muda JPJ Malaysia, MATIC, Radio IP Matic.",,
mahn,88,Kredit: Rusmani Hamzah MAHN.,,
iq,87,Malah ada kajian menunjukkan anak-anak yang dipeluk setiap hari akan mempunyai IQ yang kuat berbanding anak yang tidak dipeluk.,,
gm,86,"6. Resepi Sambal Tumis Udang Bahan bahan: 1 kg udang ~ gunting separuh dari kepala 2 sudu besar asam jawa campur air & jadikan jus - guna 1 sudu kecil pes asam jawa 1 - 2 sudu kecil garam halus 6 ~ 7 sudu besar gula - guna 7 Bahan Kisar: 100 gm cili kering ~ pilih jenis pedas Sebesar 50 sen belacan - kisar dengan cili - tak guna 10 ~ 15 biji bawang merah 5 ulas bawang putih Cara cara: Udang digaul dengan sedikit garam kemudian digoreng hingga merah, jangan goreng lama nanti udang kecut dan keras.",,
abd,85,"Pasukan Malaysia terdiri daripada lima pelajar iaitu Nur Alia Sofiah Binti Zainordin (16) sebagai kapten pasukan, Lidya Marlynda Binti Mahd Shah (15) sebagai duta pasukan, Muhammad Ammar Akhmal Bin Abd Wa'fa (15) sebagai pengaturcara, Khayra Binti Zokree (15) sebagai media editor, and Nor Khairiah binti Omar (15) sebagai ketua dokumentasi.",,
pdrm,85,"Mengikut statistik yang dikeluarkan oleh PDRM, hampir 10,000 kanak-kanak hilang direkodkan sejak lima tahun lalu.",,
الر,84,,,
omma,83,Omma pun entahlah.,,
etc,81,Saya snggup tunggu awak sampai awak cerai and etc.,,
u,81,"Contohnya, Extra virgin, virgin olive oil - sesuai utk salad, sos dressing (of course u ambil olive oil secara mentah lebih baik)Pure olive - bakar & grill, Extra light- frying & baking, Olive Pomace Oil - korang kena tau (minyak zaitun jenis ini, kualiti paling rendah) Semua jenis olive oil ni ada smoke point masing-masing ya.",,
cimb,81,Program CIMB Harapan Ramadan buat ramai teruja untuk teruskan kerja amal Anda boleh ambil contoh seperti apa yang dibuat oleh CIMB melalui program Harapan Ramadan pada tahun ini.,,
abc,80,"Ajar anak abc, 123, warna dan hafal macam-macam surah.",,
vs,80,Pegang pada konsep demand vs supply.,,
waze,80,"H Trends Bathroom Centre Sdn. Bhd. Alamat : No 238 & 240, Batu 2, Jalan Sultan Azlan Shah (Jalan Ipoh), 51200 Kuala Lumpur, Wilayah Persekutuan Kuala Lumpur No Tel : 03 - 40455980 Waze : H Trends Bathroom Centre Sdn Bhd Jadi, tunggu apa lagi?",,
cpr,78,- Ibu Buat CPR Selamatkan Anak Lemas Ketika Mandi INI CARA ELAK RISIKO ANAK LEMAS DALAM BILIK AIR ANDA KENA TAHU Ibu bapa kena tahu hal ini.,,
abi,78,Tapi disebabkan ummi dan abi jadi tukang sorak teruih dia bersemangat waja.,,
hiv,78,1. HIV www.voanews.com Bawang putih terbukti efektif dalam mengendalikan beberapa jangkitan sekunder yang berkait rapat dengan AIDS.,,
kcal,78,"4. TEMPEH NACHOS Bahan-bahan diperlukan: Gardenia Wrap (Wholemeal) : 162 Kcal Tempeh (55g) : 106 Kcal Shredded Cheddar Cheese (15g) : 53 Kcal Onion (27g) : 11 Kcal Garlic(2 Cloves) : 9 Kcal Tomato Paste (15g) : 4 Kcal Medium Tomato: 22 Kcal Capsicums (32 G) : 9 Carrot (50g) : 17 Kcal Olive Oil (5ml ) : 41 Kcal Cara-cara penyediaan: - Potong wrap kecik2 i buat bentuk tiga segi & masukkan dalam air fryer atau atas pan, sbb nak jadikan crispy.",,
toys,77,"Dan bila jalan jalan dekat mall, bila dia mintak untuk beli toys aku akan tanya duit upah dah ada berapa?",,
اد,77,,,
الص,77,,,
mkn,75,"Rasa dan jika ok, boleh angkat 13. Resepi Sotong Tauhu Telur Masak Kicap Bahan-bahannya: 2 peket tauhu telur - potong 4 dan digoreng 2 ekor sotong - potong cincin 2 ulas bawang putih - diketuk 1 biji bawang besar - potong bulat 2 biji cili merah - hiris serong 4 sd mkn kicap lemak masin - (nak guna kicap lemak manis pun boleh, tapi kena tambah garam sikit) CARA: Panaskan 2 sd mkn minyak masak ke dalam kuali.",,
klia,75,Untuk flight kali ni route kami guna Malaysia Airlines (MAS) flight dari Kota Bharu transit ke KLIA untuk ke Sarawak.,,
hb,75,VCO TIADA ZAT BESI - dan tidak meningkatkan darah merah Hb!,,
hihi,74,Hihi.,,
sms,74,5. Telefon dan Beri Mesej Cinta Telefon isteri ataupun hantar SMS sekadar untuk menyatakan yang anda sayang ataupun rindu pada isteri.,,
boh,73,"6.NASI GORENG BIASA BAHAN-BAHAN: 175gm nasi putih 2 ulas bawang putih |ketuk 3 sudu makan cili boh 1 biji telur 100gm isi ayam | potong nipis 100gm udang | bersihkan 100gm sotong | hiris 100gm sawi | potong 100gm kubis cina | potong Garam secukupnya Minyak untuk menumis secukupnya CARA MEMASAK: -Panaskan minyak di dalam kuali, tumis bawang putih yang telah diketuk bersama cili boh sehingga naik bau.",,
oats,73,"16) Kenapa perlu rendam bijirin (beras perang, rolled oats, barli etc)?",,
pcos,73,"PCOS juga dikenali sebagai 'Stein-Levanthal Syndrome' ini disebabkan oleh ketidakseimbangan hormon di dalam badan, di mana terdapat berlebihan hormon lelaki dan insulin di dalam pesakit.",,
teow,73,6. Char koey teow Mungkin juadah ini sudah menjadi kebiasaan bagi anda yang berada di utara tanah air tetapi bagi anda yang berada di sebelah selatan pastinya akan menanggap juadah ini agak 'rare'.,,
يم,72,,,
ائ,72,,,
smk,72,"Sekolah yang diarahkan tutup adalah Sekolah Agama Menengah (SAM) Bestari Subang, Sekolah Menengah Kebangsaan (SMK) Bukit Jelutong, Sekolah Kebangsaan (SK) Puchong Perdana, SK Bandar Baru Sri Damansara 2, SK Bukit Kuchai dan SMK Bandar Sri Damansara 2. Turut diarahkan tutup adalah SK Bandar Sri Damansara 3, Sekolah Jenis Kebangsaan Cina (SJKC) Yuk Chai, SMK Damansara Jaya, SK Bukit Jelutong, SMK Seksyen 7, SK USJ 20, SMK USJ 23, SMK Puchong dan SMK Puchong Utama 1. Selain itu, SMK Seksyen 4 Bandar Kinrara, SMK Bandar Puncak Jalil, SMK Seksyen 20 dan SMK Puchong Perdana.",,
kool,71,Jangan lupa untuk saksikan #BIGMALAYSIANBREAKFAST dan tonton Youtube Kool.,,
الس,70,,,
iv,70,Beliau adalah isteri kepada Raja Mohammed IV dari Morocco.,,
pm,69,"mag SENARAI PERKHIDMATAN TELE-KAUNSELING DAN E-KAUNSELING SEMPENA PERINTAH KAWALAN PERGERAKAN COVID-19 TALIAN TELEFON 1. Unit Pakar Kesejahteraan Psikologi & Kaunseling (PKPK) UKM ⏰ 9.00 am - 6.00 pm 📆 Isnin - Jumaat 📞 0320225525 2. Talian Sokongan Psikososial Covid-19, Hospital USM, Kubang Kerian ⏰ 8.00 am - 6.00 pm 📆 Isnin - Ahad 📞 097671188 3. Pusat Kaunseling UPSI 📞Dr Fauziah : 0192401560 📞Pn Nurin : 0122580473 📞Pn Syaibah : 0139728563 📞Cik Najidah : 0122454566 📞Cik Che Hawa : 01110591405 📞En Ahmad Shazwi : 0102335168 4. Talian Sokongan Psikososial Covid-19 Mercy Malaysia ⏰ 8.00 am - 5.00 pm 📆 Isnin - Ahad 📞01163996482 📞01163994236 📞03-29359935 5. Talian Kasih Kementerian Pembangunan Wanita, Keluarga dan Masyarakat ⏰ 24 jam 📆 Isnin - Ahad 📞 0192615999 (Whatsapp) 📞 15999 6. Sokongan Mental & Emosi Covid-19 Rahmah Support Team ⏰ 10.00 am - 4.00 pm 📆 Isnin - Ahad 📞0175437650 📞0132388408 7. Centre for Children and Families Enhancement 📞0196285829 📞0182324256 8. Petugas Front-liner Covid Mercy KKM 📞+601163996482 📞+601163994236 📞+6039359935 9. Perkhidmatan Atas Talian Percuma B40 MIASA 📞0142236938 📞0122479561 📞01227212399 10. Women's Aid Organization ⏰ 24 jam 📞0379563488 📞0189888058 (Whatsapp) 11. Malaysian Mental Health Association 📞 0327806803 📞 0176133039 (Whatsapp) 12. Mental Illness Awareness & Support Association (MIASA) ⏰ 9.30 am - 6.30 pm 📆 Isnin - Khamis 📞 0142236938 📞 0122469562 📞 01227212399 13. Malaysian Medical Association (MMA) ⏰ 12.00 pm - 8.00 pm 📆 Isnin - Ahad 📞 0340411140 14. Talian Bantuan Psikologi & Kaunselor MRA ⏰ 10.00 am - 5.00 pm 📆 Isnin - Ahad 📞 Dr Mimi 0186603495 📞 Dr Siau Ching Sin 0162185585 📞 Dr Rafidah 0162543131 📞 Pn Hanif Shah 0129370644 📞 Pn Nur Aklima 0183818854 📞 Cik Rozida 0139470337 📞 Cik Nor Azira 01110193683 📞 Pn Mardhiah 01125443560 📞 En Khairuddin 0145339041 📞 Cik Norazizah 0196777874 📞 En Zulfan 01127303771 📞 Cik Amalia 0172851314 📞 Cik Selvi 0123407119 📞 Pn Nor Azlina 0199272760 15. Pusat Sokongan Wanita dan Keluarga (PAKSI IKRAM) 📞0164774249 16. Pertubuhan Teratak Rahmah Wanita Islam TERATAI (Talian Khas Mangsa Keganasan Rumah Tangga) 📞 01167695171 17. Enrich Counselling & Therapy Centre 📞 0142668803 18. Persatuan Pakar Perubatan Keluarga Malaysia 📞0195003475 (Whatsapp) 19. Hospital Mesra Bukit Padang (Kota Kinabalu) - Talian Bilik Gerakan ⏰ 8.00 am - 5.00 pm 📆 Isnin - Ahad 📞 088230987 20. Women's Centre for Change ⏰ 9.00 am - 9.00 pm 📆 Isnin - Sabtu 📞 01131084001 / 0164287265 (WCC Hotline) 📞 0164180342 / 0164390698 (PWW Hotline) 📞 0164480342 (Whatsapp) 21. Befrienders Penang ⏰ 3.00 pm - 12.00 am 📞 01110629927 Foto Kredit: Medical Daily E-MEL 1. IIUM Covid-19 Pyschosocial Support Team 📩[email protected] 2. Pusat Kaunseling UPSI 📩[email protected] 3. Free Mental Health Email Guidance by MIIA 📩 Ms Tuneesha Regu : [email protected] (Malay, English, Tamil) 📩 Ms Nurul Liyana : [email protected] (Malay, English) 📩 Ms Ee Woon Kuah : [email protected] (Malay, English, Mandarin, Cantonese, Hokkien) 📩 Ms Aishah Diyana: [email protected] (Malay, English) 📩 Ms Shivasangarey: [email protected]@gmail.com (Malay, English, Tamil) 📩 Mr Jimmy Ong: [email protected] (Malay, English) 📩 Ms Nadiah Nordin: [email protected] (Malay, English) 📩 Ms Judy Mingkong: [email protected] (Malay, English, Kadazandusun) 📩 Ms Nurliana: [email protected] (Malay, English) 📩 Ms Rohany bt Gabi: [email protected] (Malay, English, Kadazandusun) 📩 Ms Sobana Dewi: [email protected] (Malay, English, Tamil) 4. Perkhidmatan Telekaunseling kepada Masyarakat Awam - UniMAP Pendaftaran melalui link: https://docs.",,
crs,68,CRS ni ada pelbagai harga.,,
okey,68,Part ni memang nina tak suka tapi terpaksa kena buat jugak okey !,,
gst,67,"Menurut statistik yang dikeluarkan oleh Malaysia Automotive Association (MAA), jumlah jualan kenderaan meningkat sebanyak 28% pada Jun 2018. Antara faktor utama kepada peningkatan ini ialah promosi menarik semasa musim perayaan dan cukai GST yang diturunkan pada kadar kosong.",,
icu,67,selepas CT scan anak saya dimasukkan ke ICU.,,
us,66,"Stand a chance to win vivo exclusive merchandise, share us your most creative photo at comment session below.",,
pdpr,66,"Bukan apa, musim-musim bekerja dari rumah ni, mana nak meeting, mengemas rumah, pantau PDPR anak-anak lagi, kadang tu masak pun ala kadar je sebab tak sempat.",,
dll,65,"6. Expose anak dengan macam-macam aktiviti; Math, Flashcard, horse riding, aktiviti kebajikan dll.",,
haaa,64,"Haaa, barang apa yang patut para ibu sediakan sebelum bersalin itu?",,
bpr,64,Kuala Lumpur: Bayaran BPR Fasa 2 (Bantuan Prihatin Rakyat) akan dibuat secara berperingkat mulai 7 Mei ini membabitkan peruntukan berjumlah RM2.75 bilion.,,
wifi,63,Sebab tulah bila wifi rumah terhilang ni memang boleh buat gaduh.,,
pvc,63,Baca juga: Cara Repair Leher Baju T-Shirt Kembang Jadi Baru Dari Pakar Dobi Jepun Cara Bersihkan Kipas Siling Dengan Cepat Bahan-bahan Yang Dilakukan : 1.Penyapu bulu ayam 2.Penyampung paip pvc 3.Paip pvc 4.Kayu Langkah-Langkah 1. Sediakan dua batang penyapu bulu ayam macam gambar di bawah ini.,,
hd,62,"Konsert Big Stage musim pertama bersiaran secara langsung pada setiap Ahad, jam 9 malam di Astro Ria (104) dan Ria HD (123).",,
ء,61,,,
pkpb,61,"Musim PKPB telah ditamatkan di sesetengah negeri seperti Melaka, Johor dan Kedah, namun ia masih berlangsung di beberapa negeri lain seperti Selangor, Negeri Sembilan dan akan mula dikuatkuasakan pula di negeri Kelantan bermula 21 November ini.",,
bh,61,"Sekali lagi menerapkan norma baharu dan prosedur operasi standard (SOP) yang ketat, Anugerah Bintang Popular BH (ABPBH) kembali untuk edisi ke-34 dengan mengangkat tema #KITABERSAMA.",,
axa,61,"Sehingga kini, Joy telah mempunyai ikatan bersama rakan jenama yang kuat seperti MPH Bookstore, Altel, Kaodim, Komugi, Tradewinds Hotels, Menara Optometry dan Affin AXA.",,
czer,60,Makan Pati Ikan Haruan Selepas Bersalin Czer Boleh Jadi Punca Pelekatan Tisu?,,
pn,59,"-Kesukaan : persekitaran yang kotor, tempat yang berbau hapak seperti timbunan kertas terutamanya surat khabar, timbunan kasut, timbunan baju -Kebencian : bau yang tengik seperti bau bawang merah, bawang putih, tembakau, cuka, ubat gegat 10 cara nak elakkan cicak berkampung dekat rumah kita -250ml air biasa (air paip)-50ml cuka (cuka murah2 je cuka sintetik pn ok)-3 sudu plastik dish soap (hn guna Joy)1 sudu plastik dettol 1. Hilangkan bekalan makanan cicak kat rumah kita , iaitu kita uruskan dulu masalah nyamuk dan semut yang banyak kat rumah.",,
ios,59,Foto Kredit: mashable.com Selamat Digunakan Bloomlife berkomunikasi dengan telefon pintar anda melalui Bluetooth Low Energy dan aplikasi yang serasi dengan pengguna iOS dan Android.,,
tos,59,"Rendam beras basmati sekurang-kurangnya 30 minit, kemudian tos.",,
ipt,58,"3. Setiap penuntut di IPT dan Tingkatan Enam akan terus diberi bantuan Baucar Buku bernilai RM 250, manfaatkan sebanyak 1.2 juta pelajar.",,
et,58,"References 1) National Health and Morbidity Survey, 2019. 2) WHO Growth Standard, 2007. 3) Jelenkovic, A. et al.",,
aimi,58,"""Bila Aimi demam, mesti kena tonsil.",,
يه,57,,,
choc,56,4. BISKUT SARANG SEMUT Bahan-bahan: 1 buku butter 1 cawan gula 1 cawan tepung custard* 1 cawan tepung jagung* 3 cawan tepung gandum* 1 sudu kecil baking powder* 1 sudu kecil esen vanilla 1 biji kuning telur Papercups Choc rice (Ayakkan semua bahan tanda *) Cara penyediaan: 1. Pukul butter + gula hingga putih.,,
ظ,56,,,
pa,56,"6, 28496; doi: 10. 1038/srep28496 (2016) 4) Alarcon PA, et al.",,
nex,55,"Penaja utama, Vivo tampilkan Vivo NEX, smartphone dengan teknologi baru Sementara itu, selaku penaja utama Konsert Big Stage, Vivo turut memperkenalkan model terbaru, Vivo NEX.",,
krup,55,Ni sedikit info saya nak kongsi mengenai Croup @ krup: Krup adalah salah satu jangkitan pernafasan yang biasa dialami oleh kanak-kanak dan bayi.,,
weh,54,OMG.menarik giler weh!,,
ipad,54,Jauhi iPad dan iPhone atau apa-apa gajet.,,
اه,54,,,
gkp,54,"Dalam Perutusan Khas Perdana Menteri, Tan Sri Muhyiddin Yassin telah mengumumkan Geran Khas Prihatin 3.0 (GKP 3.0) menerusi perutusan khas tentang inisiatif PEMERKASA+ akan disalurkan mulai Jun 2021. Program Strategik Memperkasa Rakyat dan Ekonomi (PEMERKASA) merupakan inisiatif terbaharu kerajaan bagi membantu rakyat Malaysia yang terjejas akibat pandemik Covid-19. Umum beliau, setiap perusahaan mikro dan Perusahaan Kecil dan Sederhana (PKS) yang layak akan menerima bantuan one-off sebanyak RM1,000. Terkini, bayaran GKP 3.0 telah dinaikkan kepada RM1,500 bagi setiap penerima dan bayaran tersebut akan dibuat dalam 2 fasa.",,
tido,53,www.facebook.com/irinenadiamarcello BERJAYA TAK MEDINA DENGAN HASYA TIDO DALAM BILIK SENDIRI?,,
gerd,53,Gerd adalah satu penyakit pencernaan yang terjadi apabila makanan atau cecair berasid dalam perut keluar dan naik semula ke dalam esofagus (laluan antara mulut dan perut).,,
الد,53,,,
oppo,52,"Sepanjang kempen ini, kupon mengejutkan akan disediakan setiap hari untuk jenama-jenama popular, termasuk BHPetrol, Caring Pharmacy, Laneige, Melissa Shoes, OPPO, Seagate, Tefal, TGV dan banyak lagi.",,
ئ,52,,,
ﷺ,52,12. Ajar mereka sunnah-sunnah gaya hidup Nabi Muhammad ﷺ.,,
ampa,52,"ampa boleh isi dalam tu dan masukkan dalam portable pressing bottle dia, pulas ja mana yang nak guna dan tekan, teruih keluaq liquid tu.",,
tnb,51,mp4 Click untuk video asal : Gang Silat Lagenda 5 Malam Sebelum Raya 6. TNB Raya 2020 #SemangatRayaEpikFantastik https://media.,,
adhd,51,Pelan terbaru dari AIA Public Takaful iaitu A-Life Joy-i ini adalah Takaful PERTAMA di Malaysia yang menyediakan perlindungan untuk Autisme dan ADHD.,,
hpv,51,"Selain itu, bagi surirumah juga jangan lupa untuk mendaftar di laman portal i-Suri untuk menerima sumbangan kerajaan berjumapah RM40 sebulan atau RM 480 setahun tertakluk kepada bayaran caruman minimun RM5. Anda boleh membuat permohonan e-kasih di sini : http://www.ekasih.gov.my/ ANTARA INTIPATI BAJET YANG MENDAPAT PERHATIAN 1. Isi rumah berpendapatan bulanan RM2,000 dan ke bawah akan menerima bantuan berjumlah RM1,000. 2. Isi rumah berpendapatan bulanan dari RM2,001 hingga RM3,000 ke bawah akan menerima bantuan berjumlah RM750. 3. Isi rumah berpendapatan bulanan dari RM3,001 hingga RM4,000 akan menerima bantuan berjumlah RM500. 4. Meneruskan program saringan percuma pengesanan kanser payudara (mamogram), program vaksinasi HPV dan ujian saringan Pap Smear di hospital dan klinik Kerajaan dengan peruntukan sebanyak RM20 juta.",,
mom,51,Sumber rujukan: 1. Mom junction 2. Marriage.,,
huhu,50,Huhu.,,
guys,50,Ambil masa beberapa minit je guys nak lengkapkan transaksi ni.,,
uv,50,"Mengaplikasi Teknologi Dual dalam 3M Filtered Water Dispenser HCD-2 Pada hari pelancaran, 3M Malaysia turut memperkenalkan produk berteknologi tinggi terbarunya, 3M Filtered Water Dispenser HCD-2. Ia menampilkan teknologi 'dual' dua langkah untuk menapis kekotoran; pertama, melalui penapisan karbon dan kedua melalui teknologi UV bagi mengurangkan 99.9% virus, patogen dan bakteria.",,
efek,50,"Makin kurang hormon tu, makin tak mengantuk la anak kita p/s : Jangan main main dengan tidur kerana tidur yang tak lena dan berkualiti boleh efek perkembangan otak anak kita.",,
aqil,49,"12. Baca Al-Fatehah, Ayat Qursi dan Surah Al-Insyirah dan hembus atas kepala anak kita setiap hari hingga aqil baligh.",,
yay,49,YAY OR NAY?,,
ceo,47,"Kredit Foto : supchina.com 2. Stephane Bancel (Perancis) Nilai kekayaan : AS$4.3 bilion (RM 17.8 bilion) Stephane Bancel memegang jawatan CEO bagi syarikat bioteknologi Moderna yang berpusat di Cambridge, Massachusetts.",,
ummu,47,"Menurut 1 Hari 1 Hadis, terdapat sebuah hadis yang berbunyi: عَنْ حَفْصَةَ عَنْ أُمِّ عَطِيَّةَ قَالَتْ كُنَّا نُؤْمَرُ أَنْ نَخْرُجَ يَوْمَ الْعِيدِ حَتَّى نُخْرِجَ الْبِكْرَ مِنْ خِدْرِهَا حَتَّى نُخْرِجَ الْحُيَّضَ فَيَكُنَّ خَلْفَ النَّاسِ فَيُكَبِّرْنَ بِتَكْبِيرِهِمْ وَيَدْعُونَ بِدُعَائِهِمْ يَرْجُونَ بَرَكَةَ ذَلِكَ الْيَوْمِ وَطُهْرَتَهُ Daripada Hafshah RA daripada Ummu Athiyyah berkata, ""Pada hari Raya Aidil kami diperintahkan untuk keluar sehingga kami mengajak anak-anak gadis dari biliknya dan juga para wanita yang sedang haid.",,
ssm,47,"ly/38s7mn5. 2. Masukkan semua butiran yang diperlukan termasuk SSM registration number.3. Apabila selesai, ingat access kod yang diberi melalui sms (kita akan guna untuk register online banking).",,
sdb,46,Bahan-bahan: 1 keping roti Mozarella cheese 1 sdb sos tomato Chicken floss Tomato cherry Lada benggala Cendawan *Bakar pada suhu 170 selama 7 minit.,,
hana,46,"Bulu badan pun lebat, pernah kak hana jumpa yang tumbuh misai dan janggut.",,
ad,46,"Abu Nu'aim dan Ad Dailami) 3. Zikir: Subhanallahi Wabihamdihi Subhanallahil 'Adziim Zikir ini bermaksud: Maha Suci Allah dan segala puji bagi-Nya, Maha Suci yang Maha Agung.",,
thb,46,"Konsultan Tangisan & Tidur Bayi, DBL Institute, THB Edu.",,
iucd,46,"""Begitu juga jika penggunaan IUCD atau impan sudah tamat tempoh, wanita boleh mengambil pil pencegah hamil atau kondom.",,
tbc,46,TBC Elektrik ada buat promosi tau sempena raya yang bakal tiba nanti.,,
dna,45,"2.ANTIPHOSPHOLIPID SYNDROME ( APS) APS adalah sindrom dimana darah seseorang wanita itu senang membeku dan menyumbang kepada keguguran berulang dan keguguran lewat kehamilan 3.FAKTOR GENETIK 2-5 dalam 100 pasangan ( 2-5%) yang mengalami keguguran berulang, salah satu pasangannya akan ada ketidaknormalan salah satu kromosom ( struktur genetik yang terkandung dalam sel manusia yang mengandungi DNA dan perwarisan dari ayah ibu ).",,
oz,45,"Dengan hanya sekali tekan, Baby Brezza Formula Pro ini akan menyukat dan mencampurkan air bersama susu formula untuk mendapatkan suhu dan kepekatan susu yang ditetapkan - pengguna boleh membuat pilihan untuk 2, 4, 6, 8 or 10 oz.",,
ma,45,"SSPN Challenge - Sembang Santai Online - Baby Merangkak Race SSPN x Pa & Ma - Pertandingan Mewarna Kuasa Menabung Untuk keterangan lanjut, boleh layari www.lovesspn.com atau layari laman Facebook rasmi PTPTN.",,
demc,45,"Kalau walk-in, dapat harga klinik Klinik UMRA Shah Alam RM100 Klinik Mediviron Prima Gombak RM90 Klinik Pakar Wanita, Sungai Kapar Indah, Klang Detailed scan, 3D/4D, siap print +-RM150. Doktor juga sangat berpengalaman Hospital Razif Klang RM140 Lagi (tiada info harga): Klinik Aman shah alam DEMC PMC sg buloh Klinik Rozita banting Klinik marisa dengkil Klinik maria putrajaya Klinik fauziah ampang Poliklinik dr norliza tmn melawati Poliklinik hidayah kota damansara Klinik dr najwa bbbangi n putrajya Klinik bkt serdang bukit serdng Klinik setia alam setia alam Poliklinik dr nurzawati puncak alam Poliklinik an nisa shah alam u5 NR diagnostik shah alam An-nur bangi Pusat rawatan mesra seri kembangan Klinik medinur puchong Klinik sofea puchong Klinik fazilah sri gombak Klinik famili dr wan kamariah setiawangsa UTARA Hospital Pantai Puteri, Ipoh Klinik Pakar Sakit Puan Datin Dr Mimin Isnin - Jumaat, 9 pagi - 5 petang RM70 Klinik Marina Seberang Jaya RM85 Sekali dengan CD Komen: Full-checkup 4D, harga RM110 Hospital Pantai Mutiara Jumpa Dr Teh Mii Lii RM120 Siap CD + pic scan + susu Enfamama 4 pek percuma Putra Medical Centre Alor Star RM85 Siap CD dan gambar Klinik Doktor Tan Bukit Jambul, Penang RM100 PANTAI TIMUR Klinik Adilla Kota Bharu RM100 Klinik Nazri, Besut, Terengganu RM45 sekali dengan CD Klinik W.Y.Ko Jalan Beserah, Kuantan, Pahang 09-5667805 Scan 4D RM95 SELATAN Klinik Yuslina Pasir Gudang RM120 siap CD RM100 tanpa CD Poliklinik Wahidah MITC MELAKA Scan 3D/4D RM110 Pusat Rawatan An-Nur Batu Berendam, Melaka RM90 Ada CD Doktor perempuan Klinik Norbi Senai, Johor RM90 Siap CD dan gambar.",,
bwg,45,"Bahan-bahan Isi ikan goreng - dibuang tulang & ditumbuk kasar (nak blend halus pun boleh, kami suke yg chunky) 2 biji kentang 1 sudu kecil bawang goreng (atau 1 biji bwg merah ditumis) 2 biji baby carrot - diparut Serbuk ikan bilis (optional) Sedikit daun sup Bahan salut 1 1 biji telur ayam - dipukul ringan Cara-cara 1. Kentang dipotong nipis dan digoreng dalam sedikit sahaja minyak zaitun hingga lembut.",,
kuey,45,"Penyimpanan mee (kuning, kuey teow dan laksa) basah Alang-alang hari tu ada yang tanya macam mana nak simpan mee2 basah ni supaya tahan lama.",,
ور,44,,,
alor,44,"Kalau walk-in, dapat harga klinik Klinik UMRA Shah Alam RM100 Klinik Mediviron Prima Gombak RM90 Klinik Pakar Wanita, Sungai Kapar Indah, Klang Detailed scan, 3D/4D, siap print +-RM150. Doktor juga sangat berpengalaman Hospital Razif Klang RM140 Lagi (tiada info harga): Klinik Aman shah alam DEMC PMC sg buloh Klinik Rozita banting Klinik marisa dengkil Klinik maria putrajaya Klinik fauziah ampang Poliklinik dr norliza tmn melawati Poliklinik hidayah kota damansara Klinik dr najwa bbbangi n putrajya Klinik bkt serdang bukit serdng Klinik setia alam setia alam Poliklinik dr nurzawati puncak alam Poliklinik an nisa shah alam u5 NR diagnostik shah alam An-nur bangi Pusat rawatan mesra seri kembangan Klinik medinur puchong Klinik sofea puchong Klinik fazilah sri gombak Klinik famili dr wan kamariah setiawangsa UTARA Hospital Pantai Puteri, Ipoh Klinik Pakar Sakit Puan Datin Dr Mimin Isnin - Jumaat, 9 pagi - 5 petang RM70 Klinik Marina Seberang Jaya RM85 Sekali dengan CD Komen: Full-checkup 4D, harga RM110 Hospital Pantai Mutiara Jumpa Dr Teh Mii Lii RM120 Siap CD + pic scan + susu Enfamama 4 pek percuma Putra Medical Centre Alor Star RM85 Siap CD dan gambar Klinik Doktor Tan Bukit Jambul, Penang RM100 PANTAI TIMUR Klinik Adilla Kota Bharu RM100 Klinik Nazri, Besut, Terengganu RM45 sekali dengan CD Klinik W.Y.Ko Jalan Beserah, Kuantan, Pahang 09-5667805 Scan 4D RM95 SELATAN Klinik Yuslina Pasir Gudang RM120 siap CD RM100 tanpa CD Poliklinik Wahidah MITC MELAKA Scan 3D/4D RM110 Pusat Rawatan An-Nur Batu Berendam, Melaka RM90 Ada CD Doktor perempuan Klinik Norbi Senai, Johor RM90 Siap CD dan gambar.",,
ai,43,Model terbaru oleh Vivo ini dilengkapi dengan kamera AI yang membawa rakaman sempurna untuk anda.,,
tel,43,"Untuk senarai penuh klinik yang terlibat sila klik di sini atau anda juga boleh menulis surat kepada alamat di bawah Tunku Azizah Fertility Foundation Istana Abdulaziz, Bandar Indera Mahkota 25200 Kuantan, Pahang Darul Makmur Tel.",,
sme,43,kntg n sweet potato sme ke?,,
tsp,43,2. SATE AYAM MADU Bahan untuk dikisar: Bawang putih - 2 ulas Bawang besar 1/2 biji Halia - 1/2 inch Serai - 1 batang Jintan manis - 1/2 tsp Jintan outih 1/2 tsp Kunyit - 1/2 tsp Ketumbar - 1/2 tsp Madu asli - 1 tbsp Garam secukup rasa Cara-cara penyediaan: - Potong ayam secara dadu mengikut citarasa dan gaulkan bersama semua bahan kisar diatas.,,
ng,43,"Dr Alvin Ng Lai Oon, Profesor Madya di Jabatan Psikologi Universiti Sunway memulakan bengkel dengan berkongsi data yang diperoleh melalui SEANUTS atau South East Asian Nutrition Surveys yang menunjukkan bahawa kanak-kanak di Malaysia yang mengalami kekurangan nutrisi (tubuh yang kurus, kurang berat badan dan ketinggian terbantut) serta mereka juga mengalami masalah berlebihan nutrisi (berat badan berlebihan, obes dan terlalu obes) mempunyai kebarangkalian yang lebih tinggi untuk mendapat skor bawah purata IQ.",,
وم,43,,,
upin,42,"Contoh berkartun-kartun, ada upin ipin, ultraman, superman, boboiboy dan lain-lain lagi.",,
eq,42,"Been sending Tasha to AlQuran classes daily hoping she too would khatam by the age of 6. For me it's important to raise my children in a balanced environmental be it education , sports , EQ , discipline and not forgetting Islamic values .",,
z,42,"From A to Z dia sediakan, semua hutang dia bayarkan siap ada pakej duit belanja yang fixed lagi setiap bulan untuk isteri dia.",,
ot,42,"Justeru itu, mari ikuti empat teknik yang dikongsikan oleh OT Mahfuzah Zainol dalam mengubah tingkah laku anak-anak ketika mengamuk.",,
hos,42,Ini mungkin disebabkan adanya kebocoran pada hos atau saluran sistem aircond itu sendiri.,,
ٱل,42,,,
tac,42,Ramai pertikai macam mana boleh transfer duit ke akaun scammer tanpa TAC.,,
kios,42,"Nota: Penyata KWSP boleh diperolehi melalui i-Akaun, kios, kaunter atau penyata tahunan yang dihantar melalui mel.",,
zika,42,"Menurut kenyataan akhbar terbaru pagi ini oleh Dato Seri Dr Subramaniam, 1 kes Zika pertama di Malaysia telah dikesan positif di Malaysia (Klang) setelah pulang daripada lawatannya ke Singapura.",,
hmmm,41,Hmmm ada yang pernah bentan tak ?,,
choy,41,"10 MENU UNTUK BAYI USIA 6-7 BULAN 1.Nasi dan lobak merah 2.Nasi dan kurma 3.Nasi, lobak merah, park choy 4.Nasi, jagung, park choy dan ayam 5.Nasi, bayam merah, labu dan daging 6.Nasi, lobak merah, brokoli dan ikan tenggiri 7.Nasi, bayam merah, lobak merah, bunga kubis dan ikan merah 8.Nasi, park choy, lobak merah dan ikan salmon 9.Nasi, mirepoix, brokoli, jagung, park choy dan daging.",,
sony,41,"Untuk pengetahuan anda, GoTrec A1 Pro Dash Cam merakam video Full HD dengan Sony sensor IMX323 walaupun, anda berada di dalam keadaan gelap.",,
ms,41,"mag SENARAI PERKHIDMATAN TELE-KAUNSELING DAN E-KAUNSELING SEMPENA PERINTAH KAWALAN PERGERAKAN COVID-19 TALIAN TELEFON 1. Unit Pakar Kesejahteraan Psikologi & Kaunseling (PKPK) UKM ⏰ 9.00 am - 6.00 pm 📆 Isnin - Jumaat 📞 0320225525 2. Talian Sokongan Psikososial Covid-19, Hospital USM, Kubang Kerian ⏰ 8.00 am - 6.00 pm 📆 Isnin - Ahad 📞 097671188 3. Pusat Kaunseling UPSI 📞Dr Fauziah : 0192401560 📞Pn Nurin : 0122580473 📞Pn Syaibah : 0139728563 📞Cik Najidah : 0122454566 📞Cik Che Hawa : 01110591405 📞En Ahmad Shazwi : 0102335168 4. Talian Sokongan Psikososial Covid-19 Mercy Malaysia ⏰ 8.00 am - 5.00 pm 📆 Isnin - Ahad 📞01163996482 📞01163994236 📞03-29359935 5. Talian Kasih Kementerian Pembangunan Wanita, Keluarga dan Masyarakat ⏰ 24 jam 📆 Isnin - Ahad 📞 0192615999 (Whatsapp) 📞 15999 6. Sokongan Mental & Emosi Covid-19 Rahmah Support Team ⏰ 10.00 am - 4.00 pm 📆 Isnin - Ahad 📞0175437650 📞0132388408 7. Centre for Children and Families Enhancement 📞0196285829 📞0182324256 8. Petugas Front-liner Covid Mercy KKM 📞+601163996482 📞+601163994236 📞+6039359935 9. Perkhidmatan Atas Talian Percuma B40 MIASA 📞0142236938 📞0122479561 📞01227212399 10. Women's Aid Organization ⏰ 24 jam 📞0379563488 📞0189888058 (Whatsapp) 11. Malaysian Mental Health Association 📞 0327806803 📞 0176133039 (Whatsapp) 12. Mental Illness Awareness & Support Association (MIASA) ⏰ 9.30 am - 6.30 pm 📆 Isnin - Khamis 📞 0142236938 📞 0122469562 📞 01227212399 13. Malaysian Medical Association (MMA) ⏰ 12.00 pm - 8.00 pm 📆 Isnin - Ahad 📞 0340411140 14. Talian Bantuan Psikologi & Kaunselor MRA ⏰ 10.00 am - 5.00 pm 📆 Isnin - Ahad 📞 Dr Mimi 0186603495 📞 Dr Siau Ching Sin 0162185585 📞 Dr Rafidah 0162543131 📞 Pn Hanif Shah 0129370644 📞 Pn Nur Aklima 0183818854 📞 Cik Rozida 0139470337 📞 Cik Nor Azira 01110193683 📞 Pn Mardhiah 01125443560 📞 En Khairuddin 0145339041 📞 Cik Norazizah 0196777874 📞 En Zulfan 01127303771 📞 Cik Amalia 0172851314 📞 Cik Selvi 0123407119 📞 Pn Nor Azlina 0199272760 15. Pusat Sokongan Wanita dan Keluarga (PAKSI IKRAM) 📞0164774249 16. Pertubuhan Teratak Rahmah Wanita Islam TERATAI (Talian Khas Mangsa Keganasan Rumah Tangga) 📞 01167695171 17. Enrich Counselling & Therapy Centre 📞 0142668803 18. Persatuan Pakar Perubatan Keluarga Malaysia 📞0195003475 (Whatsapp) 19. Hospital Mesra Bukit Padang (Kota Kinabalu) - Talian Bilik Gerakan ⏰ 8.00 am - 5.00 pm 📆 Isnin - Ahad 📞 088230987 20. Women's Centre for Change ⏰ 9.00 am - 9.00 pm 📆 Isnin - Sabtu 📞 01131084001 / 0164287265 (WCC Hotline) 📞 0164180342 / 0164390698 (PWW Hotline) 📞 0164480342 (Whatsapp) 21. Befrienders Penang ⏰ 3.00 pm - 12.00 am 📞 01110629927 Foto Kredit: Medical Daily E-MEL 1. IIUM Covid-19 Pyschosocial Support Team 📩[email protected] 2. Pusat Kaunseling UPSI 📩[email protected] 3. Free Mental Health Email Guidance by MIIA 📩 Ms Tuneesha Regu : [email protected] (Malay, English, Tamil) 📩 Ms Nurul Liyana : [email protected] (Malay, English) 📩 Ms Ee Woon Kuah : [email protected] (Malay, English, Mandarin, Cantonese, Hokkien) 📩 Ms Aishah Diyana: [email protected] (Malay, English) 📩 Ms Shivasangarey: [email protected]@gmail.com (Malay, English, Tamil) 📩 Mr Jimmy Ong: [email protected] (Malay, English) 📩 Ms Nadiah Nordin: [email protected] (Malay, English) 📩 Ms Judy Mingkong: [email protected] (Malay, English, Kadazandusun) 📩 Ms Nurliana: [email protected] (Malay, English) 📩 Ms Rohany bt Gabi: [email protected] (Malay, English, Kadazandusun) 📩 Ms Sobana Dewi: [email protected] (Malay, English, Tamil) 4. Perkhidmatan Telekaunseling kepada Masyarakat Awam - UniMAP Pendaftaran melalui link: https://docs.",,
med,41,N Engl J Med.,,
maps,41,"Dengan benda ni, anda boleh gunakan aplikasi Waze atau Google Maps dengan mudah.",,
mcd,41,4. BUBUR NASI STYLE MCD - Masak kesemua bahan di dalam kuali menggunakan api kecil sehingga beras menjadi nasi.,,
من,41,"Kerana agama kata jangan, maka ini juga suatu ketaatan kepada arahan agama.2. Apabila al-Dahhak ditanya tentang perkara ini, beliau menjawab : نعم ، كل من تقبل الله عمله سيعطيه نصيبه من ليلة القدر ""Ya, setiap orang yang Allah terima amalannya maka Allah akan berikan bahagiannya (ganjaran) dari malam al-Qadr."" 3. Amalan yang boleh dilakukan oleh wanita haid termasuklah : - Banyak berdoa - Berzikir - Bersedekah - Menuntut ilmu Ini semua amalan yang menjemput kepada kebaikan yang sangat banyak pada malam al-Qadr. 4- Jangan bersedih hati jika haid, kerana sebenarnya kita sedang dalam ketaatan kepada Allah dan Rasul.",,
لله,41,"Untuk jamak taqdim: 1. Jama' Taqdim Empat Rakaat أصلي فرض الظهر اربع ركعات مجموعا إليه العصر اداء لله تعالى (Sahaja aku solat fardhu Zuhur empat rakaat dihimpunkan kepadanya Asar tunai kerana Allah Taala) 2. Niat Jama' Taqdim Beserta Qasar أصلي فرض الظهر ركعتين قصرا مجموعا إليه العصر اداء لله تعالى (Sahaja aku solat fardhu Zuhur dua rakaat dihimpunkan kepadanya Asar tunai kerana Allah Taala) Untuk jamak taakhir: 1. Jama' Ta'khir Empat Rakaat أصلي فرض الظهر اربع ركعات مجموعا إلى العصر اداء لله تعالى (Sahaja aku solat fardhu Zuhur empat rakaat dihimpunkan kepada Asar tunai kerana Allah) 2. Niat Jama' Ta'khir Beserta Qasar أصلي فرض الظهر ركعتين قصرا مجموعا إلى العصر اداء لله تعالى (Sahaja aku solat fardhu Zuhur dua rakaat dihimpunkan kepada Asar tunai kerana Allah) Akhir kata Semoga artikel cara solat jamak ini dapat membantu kita melakukan ibadah, walau di mana kita berada.",,
krr,41,"Di penghujung kempen, KRR menerima lebih daripada 11,300 likes, yang menghasilkan lebih daripada 500 hidangan.",,
ica,41,Ica ketika sihat.,,
الأ,40,,,
adha,40,"Berbeza dengan Hari Raya Aidil Adha, kita disunatkan untuk makan selepas Solat Sunat Aidil Adha.",,
senq,40,Promosi ini hanya untuk pelanggan yang buat pembelian minimum RM120 di Senheng atau senQ Online Store dan memilih untuk store pick-up.,,
nicu,40,"""IBU TAK TERFIKIR ADIK NAK TINGGAL IBU"" Bila dah siap dkt zone merah dr tolak adik masuk ke NICU.",,
gdm,40,"Saya dapati ibunya ada GDM (gestational diabetes mellitus - Diabetes mellitus yg berlaku semasa mengandung), dan ini adalah anaknya yg ke 7. Apabila saya tanya, sudah disusukan ke belum.",,
miri,39,"Baca juga: DBKL Tutup Jalan TAR Setiap Ahad, Tiada Kenderaan Dibenarkan Masuk 4 NEGERI DIRAMAL HUJAN SEPANJANG HARI MERDEKA, HATI-HATI Bagi sebelah pagi, hujan beberapa kawasan diramalkan berlaku di Selangor, Negeri Sembilan, Melaka, Johor, Sarawak (Bahagian Sarikei, Mukah, Bintulu, Miri & Limbang), Sabah dan WP Labuan.",,
azmi,39,4. HAZAMA AZMI Hazama Azmi muncul bertanding di pentas AJL sebanyak tujuh kali.,,
zam,39,"Sudah menjadi kebiasaan dalam kalangan sesiapa sahaja yang berkunjung ke Tanah Suci bagi mengerjakan ibadah Haji dan Umrah, pasti akan membawa pulang Air Zam Zam bukan?",,
pcm,39,"Anda cuma perlu ikut langkah-langkah di bawah: 1. Like Facebook Page MyMeoCat 2. Ambil gambar Si Meowy bersama mana-mana produk makanan kucing Me-O 3. Upload gambar tersebut dan isi butiran yang diperlukan di link di bawah <<<Peraduan Gambar Si Meowy Ceria Bersama Me-O>>> Bagi yang nak dapatkan makanan kucing Me-O, boleh dapatkan semua produk mereka di supermarket, minimarket, kedai haiwan peliharaan and PCM Online Store https://www.pcmonlineshop.com.",,
gbs,39,"""Bahaya ke keputihan ketika mengandung ni sampai doktor kata kena buat test untuk GBS.",,
dns,39,MACAM MANA NAK BLOCK PORN DI WIRELESS ROUTER APA ITU DNS?,,
shaa,38,In shaa Allah.,,
ab,38,"Saya sedar diri saya yang serba serbi kekurangan ilmu al Quran, lalu saya terus ambil pakej kombo 10 kelas untuk belajar Ibrah al Quran dengan uztaz Syaari Ab Rahman.",,
uht,38,"7 bahan asas yang mesti ada di rumah kalau darurat Pilihannya terpulang kepada anda: 1) Karbohidrat -Beras (nasi, tepung, bihun) -Gandum (bijirin, tepung, pasta dan mee) -Oat (steel cut, rolled) -Jagung (bijirin) 2) Kacang dan kekacang -Kacang (almond, hazel, gajus, macadamia, berangan, pistachio, kacang parang) -Kekacang (kacang tanah, pis, lentil, kacang hijau, kacang merah, dal, soya, asam jawa) 3) Susu dan hasilnya -Susu tepung (penuh krim, rendah lemak, kalsium tinggi) -Susu UHT (stabil pada suhu bilik) -Keju (keras: parmesan, cheddar, edam, gouda, provolone, gloucester, lembut: brie, haloumi, feta, roquefort) 4) Daging -Ikan (tin, kering, salai) -Ayam (tin, salai, serunding) -Lembu (tin, salai, serunding, jerky, sosej) -Kambing (tin, salai, serunding) -Arnab (salai, jerky, serunding) -Itik (tin, salai, serunding) -Sotong dan udang (tin, kering) 5) Lemak -Minyak sawit -Minyak kelapa -Minyak zaitun -Ghee -Marjerin -Mentega (tin) -Santan (serbuk, kotak) 6) Buah dan sayur -Cendawan (kering, tin) -Kobis (sauerkraut, kimchi) -Labu (segar, tin) -Keledek (segar, tin) -Kurma (kering, beku) -Kismis (kering) -Zaitun (tin) -Rumpai laut (nori) -Tomato (kering, tin) -Laici (tin) -Mata kucing (kering, tin) -Nenas (kering, tin) -Cranberries (kering, sejuk beku) 7) Rempah, perasa dan perisa -Gula (pasir, perang, kabung, melaka) -Garam (laut, bukit, beriodin) -Cuka (asli seperti epal, tebu, beras, atau buatan - asid) -Madu -Serbuk kari, kurma, opor, sup -Bunga lawang, cengkih, lada hitam, kulit kayu manis, buah pelaga, buah keras, buah pala, ketumbar, biji sawi -Kicap, sos tomato, sos cili, mayonis, wasabi, -Puri tomato 8. Comfort food Biskut, keropok, coklat, maggi pun simpan juga sebagai 'comfort food' di saat anda mahu menonton televisyen.",,
nih,38,(tidur awal) 2.Tips tidur awal nih bukan anak je senang nak bangun.,,
الش,38,,,
urik,38,pk 4. Gout Penyakit yang berpunca daripada lebihan asid urik dalam badan ini membabitkan serangan serta-merta yang bukan saja menyebabkan kesakitan tetapi turut membengkak dan rasa panas pada bahagian sendi tangan dan kaki.,,
rfid,38,"Pastikan servis kenderaan anda dan sekiranya anda masuk dari plaza tol menggunakan lorong RFID, anda juga mestilah keluar menggunakan lorong RFID.",,
ijm,38,"Kalau belum, apa kata ajak kawan-kawan, saudara dan jiran tetangga datang beramai-ramai memeriahkan rumah terbuka IJM Land.",,
urin,37,"11. KEHAMILAN http://www.crosswalk.com/ Terdapat penemuan terbaru menyatakan, pengambilan bawang putih segar ketika hamil dapat mengurangkan risko pra-eklampsia iaitu kenaikan tekanan darah dan kadar protein dalam urin.",,
ebm,37,or memadai sy lenyekkan pisang n mix dgn ebm je?,,
tbsp,37,2. SATE AYAM MADU Bahan untuk dikisar: Bawang putih - 2 ulas Bawang besar 1/2 biji Halia - 1/2 inch Serai - 1 batang Jintan manis - 1/2 tsp Jintan outih 1/2 tsp Kunyit - 1/2 tsp Ketumbar - 1/2 tsp Madu asli - 1 tbsp Garam secukup rasa Cara-cara penyediaan: - Potong ayam secara dadu mengikut citarasa dan gaulkan bersama semua bahan kisar diatas.,,
jkm,37,"Sumber foto: The Star Di kafe ini juga, bilangan remaja autisme yang bekerja adalah seramai 6 orang, dalam lingkungan umur 17-21 tahun dan pengusaha kafe sudah bekerjasama dengan pihak JKM Subang untuk mendapatkan bantuan sebanyak RM350 setiap bulan.",,
اع,37,,,
sids,37,"Perkara tersebut adalah antara langkah bagi mencegah bayi daripada SIDS seperti dikongsikan oleh pegawai perubatan swasta, Dr. Ahmad Samhan pada media sosialnya.",,
hukm,37,"Sesetengah Klinik Kesihatan mungkin tak menawarkan kaedah implan, tapi katanya boleh minta mereka refer kita ke hospital kerajaan atau hospital separa kerajaan seperti HUKM untuk harga yang murah.",,
lbs,37,"Oleh itu, sempena Aidilfitri yang bakal menjelma, pemaju perbandaran terkemuka, LBS Bina Group Berhad (LBS) terus menawarkan peluang pemilikan rumah menarik melalui kempen terbaharu mereka, 'Rezeki Ekstra Dikongsi Kembali'.",,
nad,36,Nad rasa macam nak share sikit benda basic yang ada dalam box mini Umar Naufal.,,
ipin,36,"Contoh berkartun-kartun, ada upin ipin, ultraman, superman, boboiboy dan lain-lain lagi.",,
ngo,36,KRR melakukan lawatan kedua mereka ke Malaysian Nature Society (MNS) dan menyumbang 53 set Kenny's Quarter Lite Meal kepada sukarelawan NGO sewaktu kempen 'Unfortunate Tales of a Treeless World' di Mid Valley Megamall baru-baru ini.,,
اج,36,,,
fydh,36,ANAK TAK SERASI DENGAN UBAT BATUK Rabu lepas Fydh dijangkiti selesema teruk & hidung tersumbat.,,
ho,35,"""Tunnel"" mengisahkan kes pembunuhan bersiri yang berlaku pada tahun 1986 yang disiasat oleh deketif bernama Park Gwang Ho.",,
en,35,4. Masjid Sultan Salahuddin Abdul Aziz Shah Foto Kredit: en.,,
lhdn,35,Cukai LHDN Kerajaan mengurangkan beban cukai kepada rakyat dan individu seperti berikut: Kadar cukai pendapatan individu akan dikurangkan satu hingga 3%.,,
hosp,35,Then ibu try call Hosp Pantai bhg Specialist Clinic (Pakar Kanak2) dan Dr yg biasa Anaqi Tsaqeef jumpa tu ada.,,
fpp,35,"""Skim FPP?",,
ؤ,34,,,
ldl,34,3. Bantu kawal berat badan & turunkan kolesterol Kajian yang dilakukan oleh UPM dan diterbitkan dalam Journal of Natural Medicine pada tahun 2012 mendapati asam jawa bantu turunkan kolesterol LDL dan tingkatkan kandungan kolesterol HDL (kolesterol baik) dalam darah.,,
mrt,34,"Berikutan kes samun seorang wanita di stesen MRT di Cheras baru-baru ini, 6 buah stesen MRT 'hotspot' telah dikenalpasti berdasarkan kes jenayah yang berlaku di lokasi tersebut.",,
الت,34,,,
mm,34,"Periuk Nasi Sfera Tefal Mudah Berguna untuk Masak dan Kawal Periuk Nasi Sfera Tefal RK8105 dan RK8145 dihasilkan dengan ciri unik, berketahanan tinggi dengan lapisan bertingkat 2.5 mm serta salutan Nano di permukaan luarannya.",,
وذ,34,,,
عليه,34,"Diriwayatkan daripada Abdullah bin Buraidah, daripada ayahnya, katanya: كَانَ النَّبِيُّ صلى الله عليه وسلم َلا يَخْرُجُ يَوْمَ الْفِطْرِ حَتَّى يَطْعَمَ وَلا يَطْعَمُ يَوْمَ الْأَضْحَى حَتَّى يُصَلِّي Maksudnya: ""Nabi Muhammad SAW tidak keluar (ke tempat solat) pada Aidilfitri sehingga beliau makan terlebih dahulu, dan beliau tidak makan terlebih dahulu pada Aidiladha sehingga beliau solat terlebih dahulu"".",,
li,33,"10 Individu Yang Menjadi Jutawan Dalam Memerangi Covid-19 1. Li Jianquan dan keluarga (Hong Kong) Nilai kekayaan : AS$ 6.8 bilion (RM 28 bilion) Merupakan orang ke-17 yang terkaya di Hong Kong, Li Jianquan memiliki syarikat Winner Medical, iaitu antara pengeluar terbesar bagi pelitup muka dan PPE yang berjaya menembusi pasaran seluruh dunia dalam melawan wabak Covid-19 ketika ini.",,
cd,33,"Tidak kiralah sama ada anda peminat rap atau soul, anda boleh mencara semua alatan untuk mempersembahkan bakat anda - daripada alat pendengar anti-bising, CD muzik, sehinggalah alat muzik - semuanya ada di 11street!",,
tuk,33,So ambil dua lot tuk parking .,,
upt,33,"Buatlah ujian air kencing, UPT bagi mengesahkan kehamilan.",,
psp,33,"Dahulu ketika kita tidak ada gajet seperti PSP mahupun iPad, alam sekeliling seperti pokok, padang rumput, daun, ranting kayu, pasir dan tanah menjadi barang permainan anak-anak di ketika itu.",,
co,33,co memang sangat membantu untuk dapat tiket attraction dengan harga yg murah.,,
xray,33,"Sampai sana dorang amik sampel air kencing , darah and xray .",,
ppd,33,KONDISI ini adalah: PSYCHOGENIC POLYDIPSIA (PPD) APA ITU PSYCHOGENIC POLYDIPSIA (PPD) PPD terjadi apabila minum air berlebihan sehingga menyebabkan kerap kencing (polyuria) > 3L per day dan akhirnya menyebabkan garam (sodium) dalam darah rendah.,,
says,33,"Sumber gambar: SAYS Dah selesai baby dah keluar habis dia guide suruh balut dulu baby mujur la baby keluar bersih je takde darah sangat pada anggota badan tengok jantina boy lagi, sekadar balut dengan tuala je so takde la kena cuci sangat body baby.",,
didi,33,"Sudah diketahui ramai bahawa siri animasi Didi & Friends menjadi kegilaan kanak-kanak bukan sahaja di Malaysia, malah di negara jiran juga.",,
lumi,33,Nasib baik anda boleh mendapatkan tip-tip berguna oleh SirapLimau di dalam aplikasi Lumi News!,,
deko,32,Perabot tuan rumah pun jangan la kita jadi pakar deko nak ubah sana sini pulak tau.,,
wp,32,"Baca juga: DBKL Tutup Jalan TAR Setiap Ahad, Tiada Kenderaan Dibenarkan Masuk 4 NEGERI DIRAMAL HUJAN SEPANJANG HARI MERDEKA, HATI-HATI Bagi sebelah pagi, hujan beberapa kawasan diramalkan berlaku di Selangor, Negeri Sembilan, Melaka, Johor, Sarawak (Bahagian Sarikei, Mukah, Bintulu, Miri & Limbang), Sabah dan WP Labuan.",,
fuhh,32,Fuhh ni bahagian Nayla punya.,,
pcs,32,"1. TASBIH DIGITAL Murah sangat, RM0.98 je 1 pcs.",,
ير,32,,,
يل,32,,,
وسلم,32,"Diriwayatkan daripada Abdullah bin Buraidah, daripada ayahnya, katanya: كَانَ النَّبِيُّ صلى الله عليه وسلم َلا يَخْرُجُ يَوْمَ الْفِطْرِ حَتَّى يَطْعَمَ وَلا يَطْعَمُ يَوْمَ الْأَضْحَى حَتَّى يُصَلِّي Maksudnya: ""Nabi Muhammad SAW tidak keluar (ke tempat solat) pada Aidilfitri sehingga beliau makan terlebih dahulu, dan beliau tidak makan terlebih dahulu pada Aidiladha sehingga beliau solat terlebih dahulu"".",,
pdf,32,pdf Tips untuk mengurangkan pengambilan garam 1. Kurangkan makanan berkuah.,,
ent,32,18/9/2017 - Kami berjumpa dengan pakar ENT.,,
peas,31,Untuk kali ini Anis kongsikan dulu jenis sensory filler dan nak dapatkan dekat mana: 1. SENSORY PEAS Dapatkan di: https://shp.,,
he,31,He he he.,,
na,31,"Kata akhir Perkembangan terbaru, Nana kini berkongsi pengalamannya mengenai kehidupan semasa mengandung, selepas bersalin dan menjaga anak, dengan menerbit sebuah buku berjudul Life's A Na.",,
upsr,31,"Bila sebut je pasal peperiksaan, tak kiralah UPSR, PT3, SPM dan STPM, mesti dah boleh bayangkan betapa stresnya nak ulangkaji, lepas tu memikirkan masa yang terhad dan paling penting, boleh ke tidak nak ingat semua yang dah baca tu!",,
csr,31,"Sesuai dengan prinsip yang diamalkan oleh Sunway Group, Integriti, Ihsan dan Kecemerlangan, program CSR (Corporate Social Responsibility) ini memfokuskan 3 perkara terhadap masyarakat: Pendidikan, Kesihatan, dan C.A.R.E (Community Aid, Reach-out and Enrichment).",,
اة,31,,,
صلى,31,"Diriwayatkan daripada Abdullah bin Buraidah, daripada ayahnya, katanya: كَانَ النَّبِيُّ صلى الله عليه وسلم َلا يَخْرُجُ يَوْمَ الْفِطْرِ حَتَّى يَطْعَمَ وَلا يَطْعَمُ يَوْمَ الْأَضْحَى حَتَّى يُصَلِّي Maksudnya: ""Nabi Muhammad SAW tidak keluar (ke tempat solat) pada Aidilfitri sehingga beliau makan terlebih dahulu, dan beliau tidak makan terlebih dahulu pada Aidiladha sehingga beliau solat terlebih dahulu"".",,
hlm,31,"(Lihat al-Taqrirat al-Sadidah, hlm.",,
mia,31,Saya Mia.,,
reza,31,"Reza tercekik coin, jam 10pm bed time semua dah masuk tidur kecuali husband aku, kerja, dalam jam 11 pm Reza belum tidur dan cari daddy, daddy kat depan tertidur di sofa, Reza keluar & masuk bilik balik tepuk aku yang tengah tidur, aku dengar dia macam tersedak-sedak dan nampak samar-samar dia tercungap dan susah bernafas.",,
asnb,31,Lepastu automatik baby dapat rm200 dalam ASNB.,,
fi,31,fi 3. Sembelit Kurang buang air besar juga boleh menyebabkan anda sakit perut.,,
cun,30,Dah tak nampak cun lah macam ni!,,
erna,30,"Jom kita baca perkongsian menarik dari Dr Erna Nadia mengenai warna najis bayi dan lepas ini, sebelum cuci najis anak tu, tengok dulu warna najis supaya kita boleh tahu tahap kesihatan anak-anak okay.",,
fiqh,30,"12. SENTIASA MENCARI ILMU Tambah ilmu munakahat perkahwinan, ilmu fiqh wanita.",,
cny,30,"Baca juga: Resepi Unik Sagu Berinti Ayam, Kuih Tradisional Thailand 6 MENU MAKANAN CINA BILA SAMBUT CNY YANG ANDA PATUT CUBA Gong Xi Fa Chai.",,
su,30,"3. Dewan Melor Garden Wedding Alamat : Lot 1676, Jalan Abim, Sungai Ramal Dalam, (Seksyen 8 Bandar Baru Bangi) TEL : 013-3371788 (Hj. Khairul) 4. Puri Buana Garden Wedding Alamat : RISDA Semaian & Landskap Sdn Bhd (Jalan Kemajuan,), 43650 Bandar Baru Bangi, Selangor TEL : DAPUR KAK SU di talian 016 3136982 atau 019 3584184 untuk membuat tempahan tempat dan pakej perkahwinan lengkap.",,
اح,30,,,
اش,30,,,
krap,30,Krup krap krup krap bunyinya!,,
taco,30,"Sempena sambutan National Taco Day tahun 2022, kesemua restoran Taco Bell Malaysia menawarkan taco secara percuma.",,
phd,30,"Seorang pain psychologist, Beth Darnell PhD berkata: ""Pesakit batu karang yang kritikal boleh mengalami kesakitan yang amat dahsyat, seteruk sakit bersalin atau mungkin lebih lagi"".",,
abam,30,@syareelizamali Kalau setakat budak budak kecik tu biasalah Abam jumpa parents diorang bawak panjat Bukit Gasing ni tapi kali ni baby dibawaknya.,,
vape,30,"Baca juga: ""Mungkin Paru-Paru Saya Akan Berhenti & Menyebabkan Kematian""- Lelaki Tanggung Derita Akibat Merokok & Vape BAYI 10 BULAN TERPERANGKAP DALAM KERETA Gambar: Utusan Malaysia.",,
az,30,AZ DERM tawarkan koleksi penjagaan kulit wajah melalui mask Istimewa mereka.,,
momy,30,Seriously demi Allah momy & papa langsung tak perasan dengan perubahan badan Maryam.,,
rmg,30,Beliau berjaya melaksanakan strategi pemulihan perniagaan (business turnaround) yang memacu RMG menjadi satu daripada syarikat media digital yang terunggul dari segi kewangan dan capaian audiens.,,
اف,29,,,
الع,29,,,
sg,29,"Harga: Dari RM200+ Semalaman Alamat: Lot 27105, Jalan Kuantan-Kemaman, Sg.",,
hkl,29,"Kes 27 - wanita umur 20 tahun warganegara Malaysia, seorang jururawat pelatih yang dikesan sebagai kontak rapat bagi kes 24. Alami gejala batuk pada 27 Februari dan selepas jalani ujian saringan, disahkan positif COVID-19 pada 29 Februari 2020. Kini dirawat di HKL.",,
في,29,"Berkata Umar Al-Khattab r.a.: إذا شك الرجلان في الفجر فليأكلا حتى يستيقنا Artinya : ""Jika dua orang berasa ragu tentang masuknya waktu subuh maka makanlah sehingga yakin olehnya"".",,
ie,29,ie Luangkan masa untuk berinteraksi dengan anak dengan lebih efektif untuk meningkatkan keyakinan anak untuk bertutur.,,
lrt,29,"Berikut ialah senarai barang yang tidak dikenakan GST yang dibentangkan dalam Bajet 2014 GST tidak akan dikenakan kepada barangan makanan asas antaranya beras, gula, garam, tepung, minyak masak, kacang dhal, rempah ratus, ikan masin, cencalok, budu sekali pun belacan Bekalan air paip dan 200 unit pertama elektrik sebulan bagi pengguna domestik tidak dikenakan GST Perkhidmatan yang disediakan oleh Kerajaan seperti pengeluaran pasport, lesen, perkhidmatan kesihatan, pembelajaran di sekolah, tidak dikenakan GST Perkhidmatan pengangkutan seperti perkhidmatan bas, keretapi, LRT, teksi, feri, bot, tol lebuhraya serta perkhidmatan pendidikan dan kesihatan dikecualikan dari GST Jual beli dan sewaan rumah kediaman sertap erkhidmatan kewangan yang terpilih juga dikecualikan dari GST Ulasan: Memang patut barangan di atas tidak dikenakan GST.",,
expo,28,"Pergi je ke kedai or baby expo, bagitau dia kereta korang jenis apa.",,
ioi,28,"Pelbagai jenis durian dijual di pasaran seperti durian musang king, durian IOI, durian d-24, durian kampung dan pelbagai lagi.",,
ukm,28,"mag SENARAI PERKHIDMATAN TELE-KAUNSELING DAN E-KAUNSELING SEMPENA PERINTAH KAWALAN PERGERAKAN COVID-19 TALIAN TELEFON 1. Unit Pakar Kesejahteraan Psikologi & Kaunseling (PKPK) UKM ⏰ 9.00 am - 6.00 pm 📆 Isnin - Jumaat 📞 0320225525 2. Talian Sokongan Psikososial Covid-19, Hospital USM, Kubang Kerian ⏰ 8.00 am - 6.00 pm 📆 Isnin - Ahad 📞 097671188 3. Pusat Kaunseling UPSI 📞Dr Fauziah : 0192401560 📞Pn Nurin : 0122580473 📞Pn Syaibah : 0139728563 📞Cik Najidah : 0122454566 📞Cik Che Hawa : 01110591405 📞En Ahmad Shazwi : 0102335168 4. Talian Sokongan Psikososial Covid-19 Mercy Malaysia ⏰ 8.00 am - 5.00 pm 📆 Isnin - Ahad 📞01163996482 📞01163994236 📞03-29359935 5. Talian Kasih Kementerian Pembangunan Wanita, Keluarga dan Masyarakat ⏰ 24 jam 📆 Isnin - Ahad 📞 0192615999 (Whatsapp) 📞 15999 6. Sokongan Mental & Emosi Covid-19 Rahmah Support Team ⏰ 10.00 am - 4.00 pm 📆 Isnin - Ahad 📞0175437650 📞0132388408 7. Centre for Children and Families Enhancement 📞0196285829 📞0182324256 8. Petugas Front-liner Covid Mercy KKM 📞+601163996482 📞+601163994236 📞+6039359935 9. Perkhidmatan Atas Talian Percuma B40 MIASA 📞0142236938 📞0122479561 📞01227212399 10. Women's Aid Organization ⏰ 24 jam 📞0379563488 📞0189888058 (Whatsapp) 11. Malaysian Mental Health Association 📞 0327806803 📞 0176133039 (Whatsapp) 12. Mental Illness Awareness & Support Association (MIASA) ⏰ 9.30 am - 6.30 pm 📆 Isnin - Khamis 📞 0142236938 📞 0122469562 📞 01227212399 13. Malaysian Medical Association (MMA) ⏰ 12.00 pm - 8.00 pm 📆 Isnin - Ahad 📞 0340411140 14. Talian Bantuan Psikologi & Kaunselor MRA ⏰ 10.00 am - 5.00 pm 📆 Isnin - Ahad 📞 Dr Mimi 0186603495 📞 Dr Siau Ching Sin 0162185585 📞 Dr Rafidah 0162543131 📞 Pn Hanif Shah 0129370644 📞 Pn Nur Aklima 0183818854 📞 Cik Rozida 0139470337 📞 Cik Nor Azira 01110193683 📞 Pn Mardhiah 01125443560 📞 En Khairuddin 0145339041 📞 Cik Norazizah 0196777874 📞 En Zulfan 01127303771 📞 Cik Amalia 0172851314 📞 Cik Selvi 0123407119 📞 Pn Nor Azlina 0199272760 15. Pusat Sokongan Wanita dan Keluarga (PAKSI IKRAM) 📞0164774249 16. Pertubuhan Teratak Rahmah Wanita Islam TERATAI (Talian Khas Mangsa Keganasan Rumah Tangga) 📞 01167695171 17. Enrich Counselling & Therapy Centre 📞 0142668803 18. Persatuan Pakar Perubatan Keluarga Malaysia 📞0195003475 (Whatsapp) 19. Hospital Mesra Bukit Padang (Kota Kinabalu) - Talian Bilik Gerakan ⏰ 8.00 am - 5.00 pm 📆 Isnin - Ahad 📞 088230987 20. Women's Centre for Change ⏰ 9.00 am - 9.00 pm 📆 Isnin - Sabtu 📞 01131084001 / 0164287265 (WCC Hotline) 📞 0164180342 / 0164390698 (PWW Hotline) 📞 0164480342 (Whatsapp) 21. Befrienders Penang ⏰ 3.00 pm - 12.00 am 📞 01110629927 Foto Kredit: Medical Daily E-MEL 1. IIUM Covid-19 Pyschosocial Support Team 📩[email protected] 2. Pusat Kaunseling UPSI 📩[email protected] 3. Free Mental Health Email Guidance by MIIA 📩 Ms Tuneesha Regu : [email protected] (Malay, English, Tamil) 📩 Ms Nurul Liyana : [email protected] (Malay, English) 📩 Ms Ee Woon Kuah : [email protected] (Malay, English, Mandarin, Cantonese, Hokkien) 📩 Ms Aishah Diyana: [email protected] (Malay, English) 📩 Ms Shivasangarey: [email protected]@gmail.com (Malay, English, Tamil) 📩 Mr Jimmy Ong: [email protected] (Malay, English) 📩 Ms Nadiah Nordin: [email protected] (Malay, English) 📩 Ms Judy Mingkong: [email protected] (Malay, English, Kadazandusun) 📩 Ms Nurliana: [email protected] (Malay, English) 📩 Ms Rohany bt Gabi: [email protected] (Malay, English, Kadazandusun) 📩 Ms Sobana Dewi: [email protected] (Malay, English, Tamil) 4. Perkhidmatan Telekaunseling kepada Masyarakat Awam - UniMAP Pendaftaran melalui link: https://docs.",,
bsn,28,Korang boleh baca details penuh kat page sspn i. (Bergantung pada budget korang) 5. Simpan melalui SSP Bsn Saya prefer simpan di sini berbanding simpan tabung warna di mana ianya lebih selamat dan tak mudah hilang duit tu dan juga boleh join contest SSP BSN tawarkan macam-macam.,,
ajim,28,Sayangnya kami sekeluarga pada Ajim Allah saja yang Maha Mengetahui.,,
ct,28,selepas CT scan anak saya dimasukkan ke ICU.,,
boys,28,"""Even boys deserve to cry and show weakness"".",,
uec,28,Sekarang sedang hangat tentang isu kerajaan yang dikatakan dalam proses mengiktiraf UEC.,,
ayer,28,"Bagi Johor pula melibatkan Pontian (Ayer Masin, Rimba Terjun, Jeram Batu, Pontian, Ayer Baloi, Api-Api, Benut, Sungai Pinggan), Sedili Besar serta Kota Tinggi, Johor Bahru, Batu Pahat, Tangkak, dan Muar (Ayer Baloi, Sri Menanti).",,
tvet,28,"2. Kelayakan i) Warganegara Malaysia ii) Berstatus aktif sebagai pelajar sepenuh masa pada 31 Mac 2020 di institusi pendidikan berikut: Kolej Komuniti Politeknik Universiti Awam Institusi Pendidikan Tinggi Swasta Tingkatan 6 Senior Middle 3 Sijil Tinggi Agama (STAM) Diploma Kolej Vokasional Diploma dan setara Insitusi TVET Matrikulasi Pengajian Asas (Foundation) Asasi A-Level International Baccalaureate Diploma Australian Matriculation Diploma Diploma Lanjutan Sarjana Muda dan setaraf Sarjana dan setaraf Doktor Falsafah dan setaraf kursus diploma dan ke atas yang diiktiraf oleh kerajaan Malaysia SKM4 dan ke atas di institusi bawah seliaan Kementerian Sumber Manusia, Kementerian Belia dan Sukan, serta Kementerian Pembangunan Luar Bandar (MARA) 3. Cara Semak Status Kelayakan Setiap pelajar boleh menyemak status kelayakan masing-masing di bawah pegawai Bahagian Kemasukan Hal Ehwal Akademik / Unit Hal Ehwal Pelajar di institusi masing-masing.",,
uti,28,"Jika anda mempunyai jangkitan yis atau UTI, anda perlu menunggu sehingga ia hilang sebelum memeriksa serviks.",,
ajwa,28,"Jika mereka sudah mumaiyiz, semua batasan aurat perlu diberi perhatian yang lebih seperti yang diminta oleh agama.5. Kos Dan Tempat Khatan Bayi Lelaki Kami khatankan Ahmad Al Fateh di Klinik Ajwa Shah Alam.",,
fsc,28,"Brian May, Pengarah Urusan Tetra Pak Malaysia, Singapura dan Filipina Usaha dalam mendidik pengguna Malaysia mengenai pembungkusan boleh-diperbaharui dan kepentingan dalam penggunaan label FSC telah menggalakkan Tetra Pak untuk berganding tenaga dengan organisasi bukan berasaskan keuntungan, Forest Stewardship Council (FSC) Asia Pasifik untuk melancarkan kempen 'The Pack That Grows Back'.",,
soo,27,"10. Tell Me What You Saw Dengan barisan-barisan pelakon popular seperti Jang Hyuk dan Choi Soo Young (Girl's Generation), drama ""Tell Me What You Saw"" berjaya memenangi hati peminat k-drama dengan elemen plot twist.",,
ps,27,Ps: Budget/itinerary belum siap lagi.,,
iui,27,Risiko Tahap keberhasilan rendah untuk wanita berusia 40 tahun ke bawah Rawatan ini mungkin perlu diulangi beberapa kali Purata kejayaan rawatan adalah sekitar 10-15% Jangka masa proses IUI: Kebiasaanya proses ini hanya mengambil masa beberapa minit dan tidak menyakitkan.,,
rsh,27,Royal Sporting House juga dikenali sebagai RSH di seluruh negara (termasuk Timur dan Barat Malaysia).,,
ors,27,Selalu kita dengar pelbagai jenis tips untuk minum air garam ORS jika kita mengalami masalah cirit birit atau muntah bukan?,,
ets,27,"Kalau cari dari arah Utara ke Selatan memang dah tak ada, sebab semua sudah diganti dengan ETS.",,
يد,27,,,
yaa,27,Ianya penting dalam menyokong penghasilan hormon (1) yang terlibat dalam proses tidur dan tidur yang mencukupi adalah penting bagi menyokong sistem pertahanan yang baik yaa.,,
spf,27,"Menggunakan pelindung matahari dengan sekurang-kurangnya SPF 30 setiap hari, walaupun dalam keadaan mendung.",,
liu,26,"br 3. Liu Fangyi (China) Nilai kekayaan: AS$4.2 bilion (RM17.4 bilion) Liu Fangyi merupakan pengasas dan CEO bagi Intco Medical Technology, iaitu syarikat yang mengeluarkan kelengkapan PPE seperti sarung tangan perubatan, pelitup muka serta peralatan hospital lain seperti cecair pembasmi kuman, kerusi roda dan kain gauze kasa.",,
لل,26,,,
ar,26,Permainan AR yang berinteraktif.,,
usb,26,www.facebook.com/pg/SomethingBorrowedNawal 16. Bawak usb multiple port better dr extension.,,
gl,26,Di sini kami kongsikan beberapa tempat dan aktiviti menarik yang ditawarkan di bawah GL PLAY oleh Gamuda Land.,,
ncov,26,,,
iud,26,Nak pakai IUD atau implan rasa seram pula.,,
aida,25,"Kalau kalian tak ada idea jus apa nak buat, boleh tengok perkongsian Nur Aida Md Zainuddin di bawah.",,
cfs,25,"2.AYAM STEAM HALIA Halia, lobak, saderi, ayam, cfs, singo pear.",,
pc,25,"Sila buang cookies pada komputer riba, telefon pintar dan pc korang sekiranya korang dah melawat laman web penerbangan 30 hari sebelum itu.",,
ajl,25,"Bagi menghangatkan lagi debaran AJL36, jom kita imbas semula 5 artis paling banyak masuk AJL sebelum ini.",,
bbc,25,"Anda akan dapat akses kepada: RM49.90 : semua saluran premium dan 6 aplikasi penstriman (unifi PlayTV, Disney+ Hotstar, beIN SPORTS CONNECT, SPOTV NOW, BBC Player, Lionsgate Play) RM59.90 : semua saluran premium dan 8 aplikasi penstriman (unifi PlayTV, Disney+ Hotstar, beIN SPORTS CONNECT, SPOTV NOW, BBC Player, Lionsgate Play, Viu, iQIYI) Pengguna unifi Home dapat nikmati banyak tawaran kandungan TV yang lebih menarik!",,
goji,25,"1. GOJI BERRIES - Fiber, iron, vitamin A dan C 2. DRIED BLUEBERRIES - Tinggi phytonutrein yang bertindak sebagai antiradang dan antioksida 3. DRIED CRANBERRIES - Sumber vitamin B, vitamin C dan vitamin E 4. KISMIS - Tinggi iron dan baik untuk sistem penghadaman 5. DRIED APRICOT - Ada kandungan vitamin A, E, magnesium dan copper 6. DRIED FIGS - Tinggi vitamin, magnesium, iron dan kalsium 7. DRIED PRUNE - Sumber vitamin A, K dan fiber Bagi anak buah kering dalam kuantiti yang sederhana.",,
وب,25,,,
الم,25,"Daripada Jabir beliau berkata: أَنَّ النَّبِىَّ -صلى الله عليه وسلم- كَانَ لاَ يَنَامُ حَتَّى يَقْرَأَ الم تَنْزِيلُ وَ تَبَارَكَ الَّذِى بِيَدِهِ الْمُلْكُ ""Sesungguhnya Nabi Saw.",,
gsc,25,"Foto: GSC GSC PLAYPLUS 1.GSC IOI Mall, Puchong 2.GSC 3 Damansara 3.GSC Tropicana Gardens Mall 4.GSC The Mall, Midvalley Southkey GSC PLAY - KLANG VALLEY 1.GSC Starling Mall 2.GSC Subang Parade IPOH 1.GSC Falim Ipoh KUANTAN 1.GSC Kuantan City Mall JOHOR 1.GSC Bandar Dato' Onn Jaafar 2.GSC Square One Batu Pahat TGV FAMILY FRIENDLY HALL Bukan sahaja GSC, anda juga ada pilihan Foto: TGV 1.TGV Central i-City 2.TGV Toppen Johor Bharu 3.TGV Tasek Central 4.TGV Bintulu Boulevard Foto: TGV Untuk informasi lanjut anda boleh ke laman rasmi GSC dan TGV untuk pembelian tiket ya!",,
jpp,25,Habis tempoh sebulan baru buat laporan di JPP.,,
pieu,25,,,
qul,24,2.TIGA QUL Bacalah sekali dengan Surah Al-Ikhlas dan Al-Falaq.,,
fda,24,"8) Dai Lizhong (China) Nilai kekayaan: AS$2.4 bilion (RM9.9 bilion) Pada Mei 2020, syarikat yang diterajui Dai Lizhong, Sansure Biotech telah berjaya mendapatkan kelulusan FDA bagi memasarkan kit ujian Covid-19 kepada pasaran seluruh dunia.",,
sd,24,"Rasa dan jika ok, boleh angkat 13. Resepi Sotong Tauhu Telur Masak Kicap Bahan-bahannya: 2 peket tauhu telur - potong 4 dan digoreng 2 ekor sotong - potong cincin 2 ulas bawang putih - diketuk 1 biji bawang besar - potong bulat 2 biji cili merah - hiris serong 4 sd mkn kicap lemak masin - (nak guna kicap lemak manis pun boleh, tapi kena tambah garam sikit) CARA: Panaskan 2 sd mkn minyak masak ke dalam kuali.",,
wafi,24,""" atau "" Wafi, tolong ambilkan penyapu untuk Ummi"".",,
pkpp,24,Lebih-lebih lagi ketika musim PKPP ni.,,
cac,24,Jom ikuti perkongsian beliau selengkapnya di bawah ini: 5 Kategori COVID 19 Kes CAT 4 dan CAT 5 makin meningkat di CAC!,,
koh,24,Antara aktiviti sering dilakukan bersama ialah reunion dinner bersama keluarga seperti yang dikongsi oleh Janet Koh di lamam Facebook.,,
وه,24,,,
اك,24,,,
anha,24,,,
aa,24,"Kaya dengan nutrien seperti DHA, AA, FOS dan Lutein untuk perkembangan bayi.",,
mol,24,Syarat mol pisang perlu dibuat dengan menggunakan pisang yang telah dimasak.,,
ttc,24,Buat golongan wanita TTC pasti pelbagai langkah dan juga petua digunakan antaranya mengangkat kaki selepas 'bersama' suami kerana ada segelintir individu yang percaya dengan posisi begitu boleh meningkatkan peluang hamil kerana air mani dikatakan tidak keluar semula dari faraj isteri.,,
nstp,24,"Foto Kredit: NSTP, STR/Owee Ah Chun.",,
du,23,"Du Weimin, Yuan Liping kini memegang sebanyak 24 % daripada jumlah saham syarikat pengeluar vaksin tersebut.",,
deco,23,"Yang ni tak kisah, masing2 ikut kemampuan. Macam Irine sendiri pun, nak sediakan bilik dengan deco mahal-mahal takde la.",,
feet,23,"Their eyes keep on studying their surrounding , more alert , their legs kicking excessively , responding with a big smile when their names are being called including face recognition and wanting to grab things , crawling up to one feet and roll over which are signs of good development .",,
mc,23,Bincang dengan doktor anda untuk merancang cuti samada dengan MC atau Cuti Tahunan.,,
aina,23,"Fatihah Aina, 7 tahun mengucapkan terima kasih atas titipan doa buat mereka.",,
ads,23,"Buat julung kalinya, ADS diadakan sebagai sebuah anugerah berprestij untuk meraikan setiap keringat dan tulang belakang industri hiburan kita.",,
bpn,23,"Berikut adalah antara soalan lazim tentang Bantuan Prihatin Nasional untuk pelajar menerusi kenyataan rasmi oleh Kementerian Kewangan yang dikemaskini 12 April 2020. Baca dengan teliti untuk menyemak syarat kelayakan, cara memohon BPN untuk pelajar, serta tindakan yang perlu dilakukan selanjutnya.",,
bsh,23,"PROGRAM SUBSIDI PETROL & #WANITAKERJA 11. Program Subsidi Petrol Bersasar: setiap rakyat yang memiliki tidak melebihi 2 kereta dan 2 motosikal yang layak, akan berhak menerima PSP untuk satu kenderaan sahaja Kelayakan kenderaan: 1) Kereta dengan kapasiti enjin <1,600cc dan ke bawah 2) Kereta dengan kapasiti enjin >1600cc yang berusia lebih 10 tahun 3) Motosikal dengan kapasiti enjin <150cc 4) Motosikal dengan kapasiti enjin >150cc yang berusia lebih 7 tahun - Bagi penerima BSH (B40) yang layak, subsidi petrol sebanyak RM30/bulan untuk pemilik kereta atau RM12/bulan untuk pemilik motosikal.",,
ppv,23,"Selain itu, Dr Mas Ayu juga menyarankan agar PPV menyediakan laluan khas untuk keluarga bagi proses vaksinasi dimudahkan untuk mereka yang berusia 18 tahun ke bawah.",,
zaty,23,"RESIPI SOSEJ HOMEMADE TANPA MSG BAHAN-BAHAN http://sufficientacres.com/ - Isi ayam (zaty guna 1 kpg bahagian dada) - Bawang putih 1 ulas, Bawang besar/ bwg holand - Telur 1 biji - Mix herbs - Secubit chili flakes(ikut kepedasan) - Sayur ikut la nk letak apa zaty letak carrot je - Garam dan Lada hitam / lada sulah -Tepung ubi /jagung (ikut kuantiti ayam) zaty guna 2 sb - Air untuk blendkan bahan-bahan di atas (ikut keperluan) CARA-CARANYA 1. Mix semua bahan di atas sampai hancur dan mudah untuk korang piping nanti kecuali tepung ubi.",,
myeg,23,Urusniaga persendirian juga boleh dilakukan di platform rakan niaga JPJ seperti MyEG.,,
bpa,22,Pemegang botol susu yang diperbuat daripada bahan bebas BPA ini dilengkapi dengan ciri flesibiliti yang memuatkan hampir apa saja jenis botol susu.,,
digi,22,"Bukan itu je, korang juga boleh membeli HUAWEI Mate 30 Pro 5G ni bersama pakej telco yang ditawarkan daripada Maxis, Celcom, Digi dan UMobile untuk lebih penjimatan.",,
ba,22,"ly/BelajarAbcFonikIOS (iOS) 6. Belajar Huruf Jawi, Alif Ba Ta - Play Store: http://bit.",,
sjmc,22,Special thanks to Dr Jaseem ( Avisena ) and Dr Guna ( SJMC ) yang merupakan Doktor dari Malaysia yang menguruskan transfer ainul dari Malaysia ke London.,,
اغ,22,,,
afy,22,1. Pencuci Pinggan Mangkuk 40 days Jenama: AFY HANIFF Sabun pencuci pinggan 40 days keluaran syarikat AFY HANIFF dijamin mampu menanggalkan minyak degil dan mudah dibilas.,,
akm,22,"AKM juga menilai prestasi 100 Hari Aspirasi Keluarga Malaysia bagi setiap Ahli Jemaah Menteri Pencapaian 100 Hari AKM itu, akan diumumkan oleh Perdana Menteri, Datuk Seri Ismail Sabri Yaakob pada Majlis Perasmian 100 Hari AKM di Pusat Konvensyen Kuala Lumpur (KLCC), di sini menurut Pengarah Eksekutif Unit Penyampaian Kemakmuran Bersama (SEPADU), Jabatan Perdana Menteri, Wan Azilawati Wan Mahmood.",,
jb,22,JB ya.,,
uiam,21,"Seperti kisah 10 adik-beradik graduan UIAM yang viral ini, bapa mereka merupakan seorang yang tegas dan berprinsip tinggi terutamanya dalam hal berkaitan agama.",,
jae,21,"Baca juga: Unik & Jauh Dari Cliche, Ini 5 K-Drama Oleh Penulis Vincenzo, Park Jae Bum 2. Mouse Antara 'ongoing' drama yang tak kurang hebatnya dalam menyajikan plot twist kepada penonton ialah ""Mouse"" yang dibintangi oleh Lee Seung-Gi dan Lee Hee-joon.",,
pdt,21,"A post shared by Dr Sheikh Muszaphar Shukor (@drsheikhmuszaphar) on May 7, 2018 at 6:37pm PDT Saya kongsikan point yang berjaya saya kutip untuk rujukan para ibu2 yang ada anak lelaki yang berpotensi jadi kenalan Bella nanti ehems: 1. Say 'i love you' pada setiap anak at least 10 times a day.",,
usj,21,"Sekolah yang diarahkan tutup adalah Sekolah Agama Menengah (SAM) Bestari Subang, Sekolah Menengah Kebangsaan (SMK) Bukit Jelutong, Sekolah Kebangsaan (SK) Puchong Perdana, SK Bandar Baru Sri Damansara 2, SK Bukit Kuchai dan SMK Bandar Sri Damansara 2. Turut diarahkan tutup adalah SK Bandar Sri Damansara 3, Sekolah Jenis Kebangsaan Cina (SJKC) Yuk Chai, SMK Damansara Jaya, SK Bukit Jelutong, SMK Seksyen 7, SK USJ 20, SMK USJ 23, SMK Puchong dan SMK Puchong Utama 1. Selain itu, SMK Seksyen 4 Bandar Kinrara, SMK Bandar Puncak Jalil, SMK Seksyen 20 dan SMK Puchong Perdana.",,
dbkl,21,"Turut menaja festival pemotoran yang bertemakan ""Riders for the Future"" adalah Kementerian Pelancongan Malaysia, Jabatan Keselamatan Jalan Raya Malaysia, DBKL, Polis DiRaja Malaysia, Skuad Muda JPJ Malaysia, MATIC, Radio IP Matic.",,
cdc,21,"Kredit foto - CDC Pasti sudah menjadi impian setiap pasangan berkahwin untuk memiliki zuriat sendiri, namun tidak semua orang bernasib baik dikurniakan rezeki untuk menimbang cahaya mata dengan segera.",,
eina,21,"Seterusnya, 3 peserta akan dipilih untuk memasuki pusingan yang terakhir untuk dimentorkan secara peribadi oleh Duta MAGGI® CukupRasa, Pelakon & Usahawan Datin Paduka Eina Azman, Pengarah, Penerbit, Pelakun & Pemilik The Dim Sum Place KL Sheila Rusly dan Usahawan & Pemilik My Mum's Bakery Anne Idris.",,
jeju,21,"5.JEJU Pinterest Kali ini kita terbang jauh sikit dari lokasi-lokasi di atas iaitu ke Pulau Jeju, Korea!",,
stpm,21,"Bila sebut je pasal peperiksaan, tak kiralah UPSR, PT3, SPM dan STPM, mesti dah boleh bayangkan betapa stresnya nak ulangkaji, lepas tu memikirkan masa yang terhad dan paling penting, boleh ke tidak nak ingat semua yang dah baca tu!",,
jr,21,"Ameyoko terletak di lokasi yang sesuai di Laluan JR Yamanote, dengan akses ke Laluan Keihin-Tohoku dan laluan kereta api bawah tanah Ginza, Hibiya, Oedo dan Keisei.",,
dl,21,"Kalau anda semua nak tahu pada 7 Oktober, jam 2 petang ada pertunjukan fesyen daripada DL Wedding Gown kolaborasi bersama Sanyu Chen Makeup.",,
cnn,21,"CNN melaporkan, Kelsey Golden, yang bekerja dalam pemasaran media untuk sebuah sekolah, sedang menyiapkan buku tahunan sekolah itu, menerusi komputer di rumah.",,
إل,21,,,
ود,21,,,
nuna,21,4.30pm: Bila dia dah mula mengaruk hempas2 barang Nuna ambil dukung dia ajak tidur.,,
ctg,21,"Foto Kredit: kellymom.com 7. Pergerakan Bayi Berkurang Jika pergerakan janin berkurangan (selepas 28 minggu kehamilan), hendaklah berbuka puasa dan terus ke hospital untuk penilaian CTG dan ultrasound untuk menilai pembesaran janin.",,
ngam,21,Lukis pakai tangan je tapi make sure guna scale yang betul baru ngam 2. Pi IKEA beli kabinet+pintu+kaki+etc 3. Bawa balik barang yang dah beli ke rumah dan pasang ikut manual yang IKEA dah bagi.,,
epf,21,"Sebagai suami, anda kena rancang awal-awal kewangan dan penama untuk mewarisi EPF, SOCSO, insurans, simpanan dan harta benda anda.",,
okeh,21,Kuantiti gula merah kita agak-agak saja okeh.,,
ttdi,21,"ttdi #klinikttdisgbesi #fyp #fypシ #hidupsihatpilihankita #lakefieldsgbesi ♬ original sound - KLINIKTTDI_SGBESI - KLINIKTTDI_SGBESI JANGAN KELAM KABUT MANDIKAN ANAK BILA SUHU PANAS Bukan itu sahaja, mak-mak jangan kelam kabut untuk terus mandikan anak atau rendam kaki dalam air bila tengok suhu anak tinggi sebab mereka boleh menggigil dan naik ke kepala.",,
km,20,"Harga: Dari RM155+ Semalaman Jarak Dari Cherating: 27.6 KM via Jln Kuantan - Kemaman| 27 Minit Pemanduan Alamat: 152, Sg Karang, Beserah, 26100 Kuantan 6. Home 2 Hotel Sdn Bhd Dari Home 2 Hotel Sdn Bhd untuk ke Cherating hanyalah 15 minit pemanduan.",,
st,20,"Bukan sahaja cantik, malah beliau juga merupakan graduan dalam bidang sastera dari University of St. Andrews, dimana di situlah merupakan titik pertemuan beliau dengan Putera William pada tahun 2001. Wanita cantik berusia 35 tahun ini juga, mempunyai dua orang anak bersama Putera William iaitu Putera George dan Puteri Charlotte.",,
beb,20,7. PENCUCI LANTAI TANDAS Ni power beb.,,
gps,20,Kiteorg dapat free skali dengan package GPS.,,
q,20,"Paling Mudah: E F H I L T Sederhana: B C D G J O P Q S U Sukar: A K M N R V W X Y Z 6. Praktis Aktiviti Motorik Selain cara ajar menulis di atas, anda juga boleh melatih kemahiran tangan anak dengan menggalakkannya bermain Lego, puzzle, play doh, pasir, butiran manik, atau makanan.",,
poo,20,"Lepas tu, kita masak sendiri, anak makan pun selera, poo poo pun ok, tak keras, tak nampak beria meneran sampai kita tengok pun sedih.",,
afiq,20,"Afiq Shazwan Pelakon dan juga pengacara yang berasal dari Klang, Selangor ni merupakan antara peserta yang berjaya ke peringkat akhir Idola Kecil Musim Pertama!",,
ktm,20,"Terletak di tengah-tengah Kuala Lumpur dan boleh diakses melalui bas, teksi dan perkhidmatan rel KTM.",,
aap,20,5 - Sebenarnya American Academy of Pediatrics ( AAP ) ada letak garis panduan tapi ramai sangat mak ayah tak tahu info ni.,,
sl,20,ADA PROMO KOD KHAS BUAT ANDA PEMBACA SL!,,
nu,20,"Kalau selalu behave sikit, tapi dalam video ni seperti mimpi berlari dalam Watsons Nu Sentral haha.",,
koey,20,6. Char koey teow Mungkin juadah ini sudah menjadi kebiasaan bagi anda yang berada di utara tanah air tetapi bagi anda yang berada di sebelah selatan pastinya akan menanggap juadah ini agak 'rare'.,,
zaid,20,"Jom acik semua doakan ummi dan abi, Huwainaa Zaid tau.",,
laaa,20,"Small pocket of water yang terkumpul di kepala baby, so bila bocor, pressure dari kepala baby and sometimes pressure from uterine contraction boleh menolak more air ketuban keluar dan banjir laaa lantai dengan air ketuban.",,
eee,20,Baca juga: Eee.,,
yeay,20,Yeay!,,
rtm,20,"Menurut KPM, mereka pernah menyediakan program pendidikan melalui TV Okey RTM, Tutor TV Astro dan [email protected] tetapi buat pertama kalinya saluran khusus TV Pendidikan secara terestrial iaitu [email protected], diperkenalkan dengan pengisian pendidikan dari jam 7 pagi hingga 12 tengah malam setiap hari.",,
haih,20,Haih.,,
tng,20,"Pelekat TNG RFID, juga dikenali sebagai TNG RFID Tag, mempunyai cip frekuensi radio yang tertanam dan dilekatkan pada cermin depan atau lampu depan kenderaan.",,
jeng,20,Jeng jeng jeng.,,
pms,20,6. Panadol Menstrual • Khusus buat wanita pada tempoh PMS dan semasa awal haid datang.,,
pbt,19,"Pengiktirafan Kepada 10 Bandar Paling Bahagia Di Malaysia Selaras dengan sambutan tersebut, Kementerian Perumahan dan Kerajaan Tempatan (KPKT) melalui PLANMalaysia turut menyambutnya setiap tahun bermula tahun 2015. Pada tahun ini merupakan tahun keenam PLANMalaysia menganjurkannya dan buat julung kalinya, pengiktirafan dan anugerah kepada 10 PBT Paling Bahagia di Malaysia turut diberikan.",,
vege,19,1. GRILLED SALMON & SAUTE' VEGE www.facebook.com/9b10h 2. DAGING MASAK HALIA BERSAWI www.facebook.com/9b10h 3. IKAN MERAH TUMIS BAWANG www.facebook.com/9b10h 4. IKAN BILIS MASAK ASAM www.facebook.com/9b10h 5. BUBUR NASI IKAN MERAH www.facebook.com/9b10h 6. SUP AYAM DAN NASI + CRUNCHY GARLIC www.facebook.com/9b10h 7. GRILLED CURRY CHICKEN www.facebook.com/9b10h 8.SPAGETI SALMON AGLIO OLIO www.facebook.com/9b10h 9. NASI PUTIH + SAMBAL TOK TOK + TENGGIRI BAKAR www.facebook.com/9b10h 10. OAT PANCAKES + HORLICKS www.facebook.com/9b10h *Wah!,,
umah,19,6. Jangan tanya muka kami ikut muka sapa pastu jangan menyebok nak kata kami iras-iras macam cucu sulung pakcik sebelah umah wan punya ank sedara tiri tu ek!,,
btg,19,"16. Resepi Sup Ikan Siakap Lada Hitam Bahan-bahan: 1 ekor ikan siakap sederhana besar (potong/bersihkan/gaul dgn sedikit garam) 1 inci halia di belah2 sahaja 1 keping asam gelugur (asam keping) 1 sudu besar thai fish oil 1 sudu teh perencah sup 1 btg serai (ketuk) Garam & perisa lain ikut suka Bahan tumbuk: 3 biji bawang putih 3 biji bawang merah (sederhana) 1 inci halia 1/2 sudu teh biji ketumbar 1/2 sudu teh jintan putih 1/2 sudu teh jintan manis 1 sudu teh lada hitam & sedikit je lengkuas (taknak pun takpe) (Semua bahan ini tumbuk lumat ok) Rempah penumis: 1 batang kulit kayu manis 2 biji cengkih 2 kuntum bunga lawang Bahan hiasan: Tomato belah 4, sedikit hirisan bawang holland, bendi, hirisan daun sup, daun bawang & bawang goreng.",,
cj,19,Kita nak jadikan anak kita setenang mungkin sebelum mereka tidur supaya tidur anak kita tu jadi lebih lena 5. Jangan Letak bayi depan TV - Jangan letak anak depan TV sebelum nak tidur walaupun tengah ada rancangan CJ Wow Shop yang best!,,
chan,19,"Kita ada ASUS Notebook, produk T3 Pimple , produk Baby Foot ​, baucer rebat Fish & Co. RM30 ,​ baucer rebat Mohd Chan RM30, diskaun sebanyak 40% bagi produk ​LARRIE dan lain-lain Tertakluk kepada terma dan syarat.",,
inc,19,Sejak sekolah lagi beliau terkenal dengan kepandaiannya dan memiliki karier yang cemerlang di Apple Inc. 3. Sultanah Nur Zahirah Sulatanah Nur Zahirah adalah permaisuri Terengganu.,,
usha,19,Boleh ajak keluarga dengan kawan usha barang kat 11street nanti.,,
fu,19,Tau Fu Fah ialah sejenis pencuci mulut kaum Cina yang dibuat daripada tauhu yang sangat lembut.,,
megi,19,Macaroni cheese Fries + sos Biskut apollo 9. MEGGI GORENG Megi goreng Ayam goreng tepung + mayo Biskut nabati cheese Meriahkan?,,
ipd,19,"Orang ramai yang mempunyai sebarang maklumat berkenaan kes ini diminta tampil memberikan keterangan dengan menghubungi Pegawai Penyiasat kes iaitu Asisten Superintendan GS Baldev Singh di talian 012-480 6062 atau Bilik Gerakan IPD Sentul di talian 03-40482222,""katanya.",,
husm,19,Kami buat keputusan minta doktor refer kes ke HUSM utk selanjutnya sebab kami nak dekat dengan family.,,
nuh,19,"J : Adam a.s , Nuh a.s , Ibrahim a.s, Isma'il a.s, Ishaqa a.s, Ya'qub a.s, Musa a.s, Isa a.s, Ayub a.s, Yunus a.s, Harun a.s, Dawud a.s, Sulaiman a.s, Yusuf a.s, Zakaria a.s, Yahya a.s, Ilyas a.s, Alyasa a.s', Luth a.s, Hud a.s, Saleh a.s, ZulKifli a.s, Syuaib a.s, Idris a.s, Muhammad Shalallahu'alaihi wa sallam.",,
يب,19,,,
اق,19,,,
يع,19,,,
ryan,19,"Anaknya Ryan yang berusia 14 tahun, membunuh diri.",,
yai,19,Rakyat Malaysia yang merancang percutian ke Hat Yai cuti sekolah ini dinasihatkan agar berhati-hati berikutan wabak Chikungunya yang melanda daerah tersebut sekitar 1-2 minggu yang lalu.,,
ag,19,"Masterpass boleh digunakan di platform mudah alih B Infinite bermula dari suku pertama 2017. Dikuasakan oleh Wirecard B Infinite dikuasakan oleh Wirecard AG, peneraju global dalam teknologi dan infrastruktur pembayaran elektronik.",,
std,19,"Paling best, hadiah utama yang mereka bagi adalah Perodua Axia 100G std.",,
khai,19,"Aina Abdul bergelar juara, Khai Bahar terima Anugerah Khas Penyanyi Pilihan Penaja Kredit foto: eCentral Lagu Terus Hidup ciptaan dan nyanyian Aina Abdul diangkat sebagai juara pada malam tersebut sekaligus melayakkan Aina untuk membawa pulang trofi dan wang tunai sebanyak RM100,000. Lebih manis lagi, Aina juga turut memenangi kategori vokal terbaik dan menerima RM12,000 berserta sebuah trofi.",,
nyum,19,Nyum!,,
htaa,19,"""Pada waktu itu mangsa masih bernyawa dan pada awalnya disyaki diserang sawan, lalu pengadu bersama seorang lagi penyelia asrama segera membawanya ke HTAA untuk mendapatkan rawatan lanjut.",,
rina,19,"Kalau suka yang lembik boleh guna nisbah 1,3. Yang rina share (nisbah 2:5) tekstur dia just nice tak keras, tak lembik.",,
kjmc,19,"Jenis Hospital: Swasta Alamat: Kelana Jaya Medical Centre No.1, Fas Business Avenue, Jalan Perbandaran SS 7, Kelana Jaya, 47301 Petaling Jaya, Selangor Nombor telefon: 603-7805 2111 Laman web: www.kjmc.com.my Email: [email protected] Lokasi: [flexiblemap address=""Kelana Jaya Medical Centre"" title=""Kelana Jaya Medical Centre""] [infobox title='Tentang KJMC'] Pusat Perubatan Kelana Jaya (KJMC) adalah sebuah hospital pakar swasta yang telah memberi khidmat kepada masyarakat sejak tahun 1999. Terletak di tengah-tengah Kelana Jaya bersebelahan Lebuhraya Damansara-Puchong , KJMC menawarkan pelbagai perkhidmatan penjagaan kesihatan dari pemeriksaan perubatan asas untuk semua jenis pembedahan samada pesakit luar dan rawatan pesakit dalam, penjagaan khusus, pemeriksaan kesihatan dan perkhidmatan 24 jam.",,
آخ,18,,,
dot,18,5. APPLE DOT Aktiviti ni bagus untuk kawalan tangan anak.,,
aisy,18,Ara juga telah menjadi model untuk beberapa produk dan iklan serta menjadi pelakon untuk beberapa buah drama.10) Aisy Marteen (Yana Samsudin & Fadzil Zahari) Foto Kredit : Instagram Aisy Mateen Aisy Mateen merupakan anak kepada pasangan selebriti Yana Samsudin dan Fadzil Zahari.,,
utc,18,Baru Masjid Negara KLSC Wangsa Maju Presint 9 Putrajaya Presint Diplomatik Putrajaya Taman Tun Dr Ismail Kepong UTC Pudu Sentral Labuan Online pun boleh!,,
re,18,,,
aiza,18,"Haa, tak perlu pening-pening lagi, jom kita cuba resipi ala-ala mat salleh dari perkongsian Aiza D Undefined ini untuk kelainan!",,
weee,18,Weee.,,
myvi,18,"Sebagai contoh, anggaran penggunaan minyak bagi model Perodua Myvi 2018 (1.3L) ialah 21.1km bagi setiap liter.",,
af,18,Kepada pengguna Air Fryer ni ada koleksi main masak-masak guna AF.,,
yeoh,18,"HOSPITAL DIBERI KEUTAMAAN Timbalan Menterinya, Hannah Yeoh, berkata semua TASKA berkenaan adalah di dalam kawasan bangunan kerajaan dengan keutamaan diberikan kepada hospital di seluruh negara.",,
phm,18,"Lebihan Makanan Ini Boleh Di Sejuk Beku Melalui infografik yang dikongsi oleh PHM di Facebooknya, mereka menunjukkan jenis-jenis makanan yang boleh disejuk beku dan jangka ketahanan makanan-makanan tersebut.",,
ٱلل,18,,,
mmr,18,"Foto Kredit: babycenter.com Kesan Sampingan Vaksin MMR Antara vaksin yang hangat diperdebatkan adalah keselamatan vaksin MMR yang diberikan untuk mencegah penyakit beguk, rubella, dan demam campak (measles).",,
ppum,18,"4. Isteri saya, seorang bekas jururawat di PPUM, yang selayaknya digelar Super Mom Atikah Mohd Ramzan dengan tenang melakukan CPR keatas anaknya sendiri yang dah tak bergerak masa tu.",,
mp,18,3. Dilengkapi dengan kamera 64 MP AI Quad Tak lengkap ciri telefon pintar tanpa kameranya.,,
mt,18,Konsep di sebalik produk-produk Mt. Sapola adalah mudah: menikmati rawatan spa di kediaman.,,
uhd,18,"UHD TV - as low as RM788, RCP : RM969 Peti sejuk - as low as RM1429, RCP : RM1725 Mesin basuh- as low as RM629, RCP : RM816 Cooker Hob & hod - RM1749, RCP : RM3331 Periuk nasi- RM295, RCP : RM461 Tablet PC - as low as RM1449 Pengahawa dingin - as low as RM729, RCP : RM1065 Ha!",,
wm,18,"2.Untuk buat deep cleaning wm, buat dua-dua bahagian iaitu dalaman dan luaran.",,
mbbs,18,"*Artikel ini ditulis oleh Dr. Muhammad Izzat Abdul Razak, MBBS (Universiti Malaya), Registrar Obstetrik & Ginekologi (Perbidanan & Sakit Puan) yang berkhidmat di salah sebuah hospital di Selangor.",,
الظ,18,,,
emui,18,"Kalau macam tu ni ada berita baik untuk anda, HUAWEI telah mengumumkan bahawa mereka telah siap mengemaskini sistem operasi EMUI 9.1 tau.",,
sumi,18,"Jadi, jom ikuti perkongsian penulis mengenai resipi dadih laici dan sumi untuk jamuan kelas anak anda!",,
kjh,18,"KJH kali ini dibawakan oleh DuitNow yang bakal berlangsung selama dua hari pada 25 dan 26 Jun (Sabtu dan Ahad) di Anjung Floria, Putrajaya bersempena dengan Hari Rekreasi Putrajaya.",,
mmu,18,"Poin-poin ini dikongsi oleh Liz Kamaruddin, Pengarah Urusan FTI Consulting dan merupakan veteran selama dua puluh tahun di dalam industri komunikasi, yang kini duduk di dalam Panel Penasihat Industri MMU untuk Learning Institute of Empowerment (LiFE) universiti tersebut.",,
apsh,18,KPJ APSH merupakan hospital ke-7 di dalam kumpulan.,,
fara,17,"10 bintang yang bakal bersaing merupakan artis BBNU (Budak Baru Nak Up), iaitu Afieq Shazwan, Andi Bernadee, Ariff Bahran, Baby Shima, Fara Hezel, Sarah Suhairi, Sissy Iman, Syafiq Farhain, Tajul dan Wany Kayrie.",,
pre,17,8. PRE WRITING SKILL Jarang la guna bahan yang susah.,,
rhb,17,"fm, Bank RHB dan Quantum Petroleum.",,
tgv,17,11street juga sukakan filem - dan anda boleh membeli tiket TGV melalui laman web mereka atau aplikasi telefon bimbit dengan harga istimewa!,,
ipta,17,"Skim yang pertama kali diperkenalkan ini akan dinamakan sebagai Amanah Dana Anak Malaysia 2050 atau ADAM50. 2. RM400 JUTA untuk geran penyelidikan dan pembangunan IPTA , termasuk peruntukan khas termasuk kepada Universiti Malaya (UM) untuk mencapai status 'Top 100 Universities In The World'.",,
ck,17,"Pokok ni antara pokok yang kena ada di kebun dapur CK sebab kami sekeluarga suka makan laksa kedah, jadi boleh petik segar-segar ja.",,
kidz,17,"1. Aisha Kidz Planet - Bandar Baru Bangi - Precint 9 Putrajaya - Setia Ecohill Semenyih 2. The Parenthood - Sunway Pyramid West - MyTown Shopping Centre - Sunway Putra Mall 3. Kidzoona - Aeon mall Cheras Selatan - Aeon Mall Taman Equine - Aeon Mall Shah Alam - Aeon Mall AU2 - Aeon Mall Rawang - Aeon Style Maluri - Aeon Big Mid Valley - IOI City Mall Putrajaya - Subang Empire - Central I-City Shah Alam 4. Jungle Gym - Bangsar Shopping Centre - Atria Shopping Gallery 5. Superkidz - Alamanda Shopping Centre Putrajaya - 1 Shamelin Mall Kuala Lumpur 6. Kidz Zone - Melawati Mall 7. Charm Kids -Selayang Mall 8. Kizsports & Gym -Lotus (Ex Tesco) Selayang 9. Kids planet - Wangsa Walk Mall 10. Happy Land - Lotus Mutiara Damansara 11. Starship Galactica - One Utama Shopping Centre 12. Waka Waka - Furama Bukit Bintang 13. Chatoys - The Mines Shopping Mall 14. A+ Babyland - Aeon BiG Ampang - Aeon BiG Wangsa Maju 15. Play by Reka - IOI Mall Puchong 16. Dreamworld Playland - IOI City Mall Putrajaya 17. We Rock The Spectrum - Melawati Mall - Jalan Limau Manis, Bangsar - Evolve Concept Mall Ara Damansara 18. Space Joe Playland - 1 Mont Kiara 19. Coco Fun Land - M3 Mall Taman Melati 20. Kid's E World - The Gardens Mall 21. J Kids - Publika Shopping Gallery 22. Kids Nation - 163 Retail Park Mont Kiara 23. Milkyway Playspace - Paradigm Mall Petaling Jaya 24. CAT Playground - Sunway Putra Mall 25. Kidz Kingdom Playground - SetiaWalk Mall Puchong Jom pergi!",,
yab,17,"SEKOLAH DI KAWASAN ZON MERAH DALAM PETALING, SELANGOR DITUTUP Selaras dengan perutusan Khas YAB Perdana Menteri pada 6 Oktober 2020 berhubung keputusan kerajaan untuk menutup sekolah di kawasan-kawasan yang disahkan zon merah oleh KKM, KPM memaklumkan bahawa semua sekolah di kawasan zon merah di Petaling, Selangor, akan ditutup bermula 12 Oktober 2020 sehingga 25 Oktober 2020. Ini melibatkan sebanyak 298 buah sekolah di seluruh daerah Petaling.",,
hdl,17,3. Bantu kawal berat badan & turunkan kolesterol Kajian yang dilakukan oleh UPM dan diterbitkan dalam Journal of Natural Medicine pada tahun 2012 mendapati asam jawa bantu turunkan kolesterol LDL dan tingkatkan kandungan kolesterol HDL (kolesterol baik) dalam darah.,,
umra,17,"Kalau walk-in, dapat harga klinik Klinik UMRA Shah Alam RM100 Klinik Mediviron Prima Gombak RM90 Klinik Pakar Wanita, Sungai Kapar Indah, Klang Detailed scan, 3D/4D, siap print +-RM150. Doktor juga sangat berpengalaman Hospital Razif Klang RM140 Lagi (tiada info harga): Klinik Aman shah alam DEMC PMC sg buloh Klinik Rozita banting Klinik marisa dengkil Klinik maria putrajaya Klinik fauziah ampang Poliklinik dr norliza tmn melawati Poliklinik hidayah kota damansara Klinik dr najwa bbbangi n putrajya Klinik bkt serdang bukit serdng Klinik setia alam setia alam Poliklinik dr nurzawati puncak alam Poliklinik an nisa shah alam u5 NR diagnostik shah alam An-nur bangi Pusat rawatan mesra seri kembangan Klinik medinur puchong Klinik sofea puchong Klinik fazilah sri gombak Klinik famili dr wan kamariah setiawangsa UTARA Hospital Pantai Puteri, Ipoh Klinik Pakar Sakit Puan Datin Dr Mimin Isnin - Jumaat, 9 pagi - 5 petang RM70 Klinik Marina Seberang Jaya RM85 Sekali dengan CD Komen: Full-checkup 4D, harga RM110 Hospital Pantai Mutiara Jumpa Dr Teh Mii Lii RM120 Siap CD + pic scan + susu Enfamama 4 pek percuma Putra Medical Centre Alor Star RM85 Siap CD dan gambar Klinik Doktor Tan Bukit Jambul, Penang RM100 PANTAI TIMUR Klinik Adilla Kota Bharu RM100 Klinik Nazri, Besut, Terengganu RM45 sekali dengan CD Klinik W.Y.Ko Jalan Beserah, Kuantan, Pahang 09-5667805 Scan 4D RM95 SELATAN Klinik Yuslina Pasir Gudang RM120 siap CD RM100 tanpa CD Poliklinik Wahidah MITC MELAKA Scan 3D/4D RM110 Pusat Rawatan An-Nur Batu Berendam, Melaka RM90 Ada CD Doktor perempuan Klinik Norbi Senai, Johor RM90 Siap CD dan gambar.",,
fa,17,"Baca juga: Resepi Unik Sagu Berinti Ayam, Kuih Tradisional Thailand 6 MENU MAKANAN CINA BILA SAMBUT CNY YANG ANDA PATUT CUBA Gong Xi Fa Chai.",,
utan,17,"Bukan taman tema air sahaja, kalau anda mempunyai masa yang lebih panjang, tak salah juga untuk tidur di resortnya dan berpeluang untuk melawat Pulau Orang Utan!",,
adli,17,"Kali ini, Kamal Adli dan Uqasha Senrose bakal bergandingan sekali lagi menerusi Perempuan Tanpa Dosa.",,
pj,17,Aladdin Reloaded membawakan kembali kisah zaman kanak-kanak di pentas PJ Live Art Centre seperti yang belum pernah ditonton sebelum ini.,,
opr,17,Tapi seberapa ramai agaknya yang betul-betul faham akan fakta sebenar disebalik kenaikan OPR ini?,,
il,17,Song Il Gook juga berjaya mendidik anaknya supaya menyayangi sesama sendiri.,,
amri,17,Ceramah itu diberikan oleh Syamsul Amri bin Ismail atau lebih dikenali sebagai Ustaz Syamsul Debat dalam perkongsian @muslimroyalhq mengenai ajar anak dengan menggunakan 3 peringkat.,,
mase,17,Paling aku sedih aku dipasangkan tiub kat perut dalam mase 24 jam untuk buang nanah-nanah yang masih lekat ( mAaf xleh tampilkan gbr nk tgk pm tepi) aku tak boleh bangun sebab masih ada tiub dekat perut 100% suami uruskan bengkak susu apa semua suami buat .,,
اث,17,,,
ـ,17,,,
pu,17,"disney.com Sifat positif yang ingin disampaikan: Jangan pandang belakang, tetapi terus bergerak ke hadapan 7. Ratatouille Foto Kredit: movieposter.com Sifat positif yang ingin disampaikan: Tidak kira apa jua latar belakang anda, yang penting adalah anda yang sekarang 8. Pinocchio Foto Kredit: youtube.com Sifat positif yang ingin disampaikan: Jangan kerap menipu 9. The Incredibles Foto Kredit: moviepilot.com Sifat positif yang ingin disampaikan: Apa pun yang terjadi, keluarga selalu di sisi 10. Wreck-It-Ralph Foto Kredit: g33kwatch.com Sifat positif yang ingin disampaikan: Cintai diri sendiri 11. Phineas & Ferb Foto Kredit: www.imdb.com Sifat positif yang ingin disampaikan: Jangan letakkan had kemampuan anda 12. Kung Pu Panda Foto Kredit: www.marineford.com Sifat positif yang ingin disampaikan: Takut dan stress menyukarkan pencapaian anda 13. Turbo Foto Kredit: youtube.com Sifat positif yang ingin disampaikan: Jika anda percaya anda boleh, anda pasti boleh 14. The Land Before Time Foto Kredit: seveninchesofyourtime.com Sifat positif yang ingin disampaikan: Dengar suara hati setiap hari 15. Wall-E Foto Kredit: listas.",,
mlm,17,Sepanjang mlm adik still mcmtu.,,
aud,17,"3. Simcard Optus : AUD 10 = rm31 (5hari) Lepas je dari pemeriksaan kastam dekat Perth Airport, boleh terus beli dekat luar.",,
pcr,17,Pelaksanaan saringan kanser serviks menggunakan kaedah baharu ujian saringan PCR.,,
pps,17,"Baca juga: #DaruratBanjir: Senarai Lengkap Tempat Anda Boleh Salurkan Derma & Bantuan Bantuan Di PPS Selain itu, setiap PPS akan dilengkapi dengan pasukan perubatan dengan sekurang-kurangnya seorang doktor dan seorang jururawat.",,
hk,17,"PEMBELIAN RM45 FITTI, PETPET DAN CERTAINTY, ANDA LAYAK KE HK DISNEYLAND!",,
kid,17,"Foto Kredit: Amanah Saham Nasional Berhad 3. Cara Mendaftar ADAM50 Berikut adalah langkah mudah mendaftarkan bayi anda yang layak mendapat insentif ADAM50 i) Dokumen yang diperlukan : • Kad pengenalan ibu bapa dan • Sijil kelahiran / My Kid anak • Dokumen sokongan (jika didaftarkan oleh penjaga) ii) Datang ke mana-mana cawangan ASNB atau ejen rasmi ASNB : • Maybank & Maybank Islamic • CIMB & CIMB Islamic • RHB & RHB Islamic • Affin Bank • Ambank & Ambank Islamic • Pos Malaysia Foto Kredit: Amanah Saham Nasional Berhad 4. Cara Menambah Pelaburan Seperti anda yang mempunyai akaun pelaburan ASB, ia boleh ditambah dari semasa ke semasa.",,
cu,17,"Terbaharu, CU Mart yang berasal dari Korea Selatan telah masuk ke pasaran dalam negara dan membuka cawangan pertamanya di Centrepoint Bandar Utama, Petaling Jaya.",,
ign,17,"Dibawah kepimpinannya, RMG telah memeterai persefahaman usahasama dengan jenama-jenama digital global seperti Mashable, IGN dan Technave.",,
casa,16,"Harga: Dari RM200+ Semalaman Alamat: Lot 1290, Mukim Sungai, Karang, Cherating, 26080 Cherating 2. Casa Titik Casa Titik merupakan sebuah penginapan tepi pantai dengan konsep terbuka yang lengkap dengan taman yang indah untuk anda bersantai bersama keluarga serta kolam renang dewasa dan kanak-kanak.",,
jung,16,Lee Seung-gi berperanan sebagai Jung Ba-reum iaitu seorang polis yang berhadapan dengan pembunuh bersiri 'psychopath' yang menggemparkan seluruh negara.,,
wahh,16,LANGKAH 5 Wahh dah siap tersusun.,,
ga,16,As The Gods will mengisahkan pelajar-pelajar sekolah yang dipaksa menyertai game 'Daruma-san Ga Koronda' dengan mempertaruhkan nyawa mereka.,,
um,16,"Siri HUAWEI nova 7 turut dilengkapi dengan kamera depan 16MP menggunakan f/2.0 yang besar, aperture dengan ukuran piksel 1.0 um yang dapat menangkap lebih banyak cahaya dan perincian ketika swafoto.",,
td,16,kacau tepung dan susu td sehingga larut -Didihkan diatas api.,,
el,16,Lindungi Rumah Anda Dengan 3M Fenomena El Nino dan La Nina mengakibatkan corak cuaca yang tidak menentu yang terdiri daripada panas terik yang membakar kulit diikuti dengan ribut petir dan banjir kilat.,,
oils,16,3. Essential oils Siapa sangka essential oil seperti peppermint dan lavendar juga berkesan halau serangga.,,
uitm,16,"Bagi menyertai peraduan ni, anda hanya perlu lakukan bayaran tanpa tunai melalui MyDebit, DuitNow QR, FPX, JomPAY atau DirectDebit di 20 agensi kerajaan yang terpilih seperti di bawah: Jabatan Kastam Diraja Malaysia (JKDM) Jabatan Imigresen Malaysia (JIM) Jabatan Pengangkutan Jalan (JPJ) Jabatan Pendaftaran Negara (JPN) Polis Diraja Malaysia (PDRM) Kementerian Kesihatan Malaysia (KKM) Lembaga Hasil Dalam Negeri (LHDN) Kumpulan Wang Simpanan Pekerja (KWSP) Kementerian Perumahan dan Kerajaan Tempatan (KPKT) melalui PBT Kehakiman (Mahkamah) Pertubuhan Keselamatan Sosial (PERKESO) Jabatan Bomba dan Penyelamat (BOMBA) Jabatan Insolvensi Malaysia (MdI) Jabatan Ukur dan Pemetaan Malaysia (JUPEM) Perbadanan Tabung Pendidikan Tinggi Nasional (PTPTN) Pejabat Pengarah Tanah & Galian Wilayah Persekutuan Majlis Amanah Rakyat (MARA) Kementerian Pendidikan Malaysia (KPM) melalui Lembaga Peperiksaan Kementerian Perdagangan Antrabangsa dan Industri (MITI) Hospital UiTM Puncak Alam Peraduan yang akan berlansung sehingga 31 Mei 2022 ni tidak menetapkan sebarang had minimum untuk melayakkan anda menyertai peraduan tersebut.",,
prs,16,2) TABUNG HAJI 1. Modal awal yang rendah 2. Modal simpanan dijamin 3. Kos yang rendah 4. Pemberian dividen dan bonus kompetitif 5. Dividen dan bonus dikecualikan cukai 6. Zakat dibayar pihak Tabung Haji 7. Simpanan dan pengeluaran tanpa had 8. Patuh syariah 9. Simpanan untuk menunaikan Haji 3. PRIVATE RETIREMENT SCHEME (PRS) / SKIM PERSARAAN SWASTA 1. PRS ini melengkapkan plan simpanan persaraan wajib seseorang melalui KWSP.,,
faiz,16,Lambaian dari sempadan dua negara Kisah pasangan suami isteri dikenali sebagai Muhamad Faiz dan Shafikah Sarip ini yang nekad bertemu di sempadan antara Malaysia dan Singapura walaupun dalam jarak jauh beberapa hari lalu.,,
wal,16,Zul-Jalaali Wal Ikraam : ( ذوالجلال والإكرام ) Maha Pemilik Keagungan dan Kemuliaan / Maha Memiliki Kebesaran dan Kemuliaan.,,
isa,16,"J : Adam a.s , Nuh a.s , Ibrahim a.s, Isma'il a.s, Ishaqa a.s, Ya'qub a.s, Musa a.s, Isa a.s, Ayub a.s, Yunus a.s, Harun a.s, Dawud a.s, Sulaiman a.s, Yusuf a.s, Zakaria a.s, Yahya a.s, Ilyas a.s, Alyasa a.s', Luth a.s, Hud a.s, Saleh a.s, ZulKifli a.s, Syuaib a.s, Idris a.s, Muhammad Shalallahu'alaihi wa sallam.",,
piza,16,1. Piza Roti Anak-anak kalau tak makan piza roti ni mesti tak sah kan?,,
huda,16,Kemeriahan berganda kerana gabungan dua pengacara hebat iaitu Nabila Huda dan Ain Edruce.,,
wbt,16,Jawapan ringkas Waalaikumussalam wbt.,,
الإ,16,,,
otp,16,Anda akan menerima one time pin (OTP) melalui SMS daripada MySMS 63839 (jika mendaftar menggunakan nombor telefon) atau emel (jika mendaftar menggunakan emel) Langkah 4: Masukkan OTP yang diterima dan tekan 'Hantar' Langkah 5: Masukkan butiran pendaftaran seperti arahan di skrin dan tekan 'Hantar'.,,
bajo,16,"Itu yang kami rasai sebaik sahaja melangkah masuk ke dalam kapal mewah Sea Safari Cruise, antara kapal pelayaran mewah terbesar di Labuan Bajo.",,
wani,16,Ketua kampung tempatan Manzoor Alyas Wani mendakwa bahawa anak muda itu telah disahkan mati tanpa mendapat rawatan perubatan yang sewajarnya.,,
vida,16,"Minum Vida C, kaya dengan vitamin, beri tenaga dan boost sistem imunisasi!",,
rtk,16,"Namun, ramai juga dalam kalangan kita yang membangkitkan isu apabila keputusan ujian RTK tersebut agak mengelirukan apabila hasilnya adalah sekejap positif, sekejap negatif pula.",,
bv,16,BV berlaku disebabkan oleh ketidakseimbangan bakteria yang berlaku secara semula jadi dalam faraj.,,
supp,16,"Seperti pengalaman demam sebelum ini, si anak menerima ubat supp diclofenac dan tidak bermasalah.",,
eg,16,"2. SECURED (hubungan) Anak perlu rasa dilindungi oleh 'attachment figure' eg: ibu, ayah dll.",,
gaza,16,"Gambar boikot Israel Gambar lelaki di atas cukup 'viral' di media sosial hari ini, 4 Ogos 2014. Apa tidaknya, di katakan, begitu selamba beliau masuk ke dalam McDonalds sambil: 1. Mengenakan kain selendang mafla Save Gaza 2. Makan nasi Kerabu Bungkus 3. Minum Teh O ais Lihat senarai di atas.",,
hta,16,"Hospital Tunku Azizah, Kuala Lumpur (HTA) melakar sejarah apabila kembar siam pramatang seberat 2.7kg telah berjaya dipisahkan pada 19 Mac 2022. Menurut Pakar Perunding Pembedahan Kanak-Kanak HTA, Dato' Dr. Zakaria Zahari, pembedahan seumpamanya biasanya dilakukan pada umur 3 hingga 6 bulan.",,
ruu,16,"DAY 3 : ( COVER KYOTO ) using KTP 3 days 1.Kyoto Tower (Syinimamiya Station to Kyoto Station ) 2.Arashiyama Bamboo Grove (By bus free using KTP) 3.Starbuck Tatami 4.Lunch di Curry Club Ruu ( sebelahan starbuck tatami ) 5.Nishiki Market (Kawaramachi Station) 6.Gion (Gion-Shijo Station) 7.Fushimi-Inari Taisya (Fushimi-inari Station) DAY 4 : ( Cover OSAKA ) using OAP 1 day 1.Osaka Castle Museum (turun Osaka business Park Station) 2.Osaka Museum of Housing living (Tenjinbashisuji 6-chome Station) 3.HEP5 Ferris Wheel (Umeda Station) 4.Umeda Floating Obersavatory Umeda Sky Building ( jalan kaki 10 minit dari Umeda Station ) 5.Santa Maria Cruise ( Osakako Station ) 6.Universal Studio Japan ( naik boat captain line), bergambar depan Globe USJ & Hard Rock Cafe Osaka 7.Tempozan Ferris Wheel ( naik waktu malam memang lawa bak ang view dia ) 8.Kaiyukan Aquarium ( bergambar je sebab memang lawa giler dengan gemerlapan lampu warna warna di situ ) 9.Cruise Dontonbori DAY 5 ( santai dan shooping ) : Explore area Ebisucho.",,
haqq,16,"Selepas kejadian ngeri buat adik Haqq minggu lepas, mama trauma nak masak.",,
ノ,16,,,
bio,15,"Terima kasih dari kami anak2 mak & ayah : 1) Anas bin Fauzi Bachelor of Laws, 2002 2) Maryam bt Fauzi Bachelor of Laws, 2003 Master in Comparative Laws, 2004 3) Asiah bt Fauzi Bachelor of Human Science, 2004 Master in Human Science (Psychology), 2012 4) Sumayyah bt Fauzi Bachelor of Laws, 2005 Master in Comparative Laws, 2009 5) Fatimah bt Fauzi Bachelor Bio Chemical - Bio Technology Engineering, 2009 6) Muadz bin Fauzi Bachelor of Information Technology, 2009 7) Aishah bt Fauzi Bachelor of Laws, 2012 Bachelor of Laws (Shari'ah), 2013 8)Asma' bt Fauzi Al-Hafizah Bachelor of Mathematical Science, 2011 9) Dr Abdul Rahman bin Fauzi Al-Hafiz Bachelor of Dentistry, 2015 10) Dr Abdullah bin Fauzi Al-Hafiz Bachelor of Medicine & Surgery, 2018 SIAPA MAK AYAH DI MATA KAMI?",,
ppe,15,"Kebanyakan daripada hartawan ini berlatarbelakangkan perniagaan dalam menghasilkan vaksin, pengedar ubat-ubatan serta alat kelengkapan seperti PPE dan pelitup muka.",,
aik,15,8. 46 minggu: Dunia Turutan Aik?,,
vena,15,Elakkan posisi tidur terlentang kerana ini akan menyebabkan tekanan kepada usus dan vena besar (vena cavar inferior) dan mengganggu peraliran darah kembali ke jantung anda.,,
sape,15,Sape cakap nak kurus tu susah dan mahal.,,
usm,15,"mag SENARAI PERKHIDMATAN TELE-KAUNSELING DAN E-KAUNSELING SEMPENA PERINTAH KAWALAN PERGERAKAN COVID-19 TALIAN TELEFON 1. Unit Pakar Kesejahteraan Psikologi & Kaunseling (PKPK) UKM ⏰ 9.00 am - 6.00 pm 📆 Isnin - Jumaat 📞 0320225525 2. Talian Sokongan Psikososial Covid-19, Hospital USM, Kubang Kerian ⏰ 8.00 am - 6.00 pm 📆 Isnin - Ahad 📞 097671188 3. Pusat Kaunseling UPSI 📞Dr Fauziah : 0192401560 📞Pn Nurin : 0122580473 📞Pn Syaibah : 0139728563 📞Cik Najidah : 0122454566 📞Cik Che Hawa : 01110591405 📞En Ahmad Shazwi : 0102335168 4. Talian Sokongan Psikososial Covid-19 Mercy Malaysia ⏰ 8.00 am - 5.00 pm 📆 Isnin - Ahad 📞01163996482 📞01163994236 📞03-29359935 5. Talian Kasih Kementerian Pembangunan Wanita, Keluarga dan Masyarakat ⏰ 24 jam 📆 Isnin - Ahad 📞 0192615999 (Whatsapp) 📞 15999 6. Sokongan Mental & Emosi Covid-19 Rahmah Support Team ⏰ 10.00 am - 4.00 pm 📆 Isnin - Ahad 📞0175437650 📞0132388408 7. Centre for Children and Families Enhancement 📞0196285829 📞0182324256 8. Petugas Front-liner Covid Mercy KKM 📞+601163996482 📞+601163994236 📞+6039359935 9. Perkhidmatan Atas Talian Percuma B40 MIASA 📞0142236938 📞0122479561 📞01227212399 10. Women's Aid Organization ⏰ 24 jam 📞0379563488 📞0189888058 (Whatsapp) 11. Malaysian Mental Health Association 📞 0327806803 📞 0176133039 (Whatsapp) 12. Mental Illness Awareness & Support Association (MIASA) ⏰ 9.30 am - 6.30 pm 📆 Isnin - Khamis 📞 0142236938 📞 0122469562 📞 01227212399 13. Malaysian Medical Association (MMA) ⏰ 12.00 pm - 8.00 pm 📆 Isnin - Ahad 📞 0340411140 14. Talian Bantuan Psikologi & Kaunselor MRA ⏰ 10.00 am - 5.00 pm 📆 Isnin - Ahad 📞 Dr Mimi 0186603495 📞 Dr Siau Ching Sin 0162185585 📞 Dr Rafidah 0162543131 📞 Pn Hanif Shah 0129370644 📞 Pn Nur Aklima 0183818854 📞 Cik Rozida 0139470337 📞 Cik Nor Azira 01110193683 📞 Pn Mardhiah 01125443560 📞 En Khairuddin 0145339041 📞 Cik Norazizah 0196777874 📞 En Zulfan 01127303771 📞 Cik Amalia 0172851314 📞 Cik Selvi 0123407119 📞 Pn Nor Azlina 0199272760 15. Pusat Sokongan Wanita dan Keluarga (PAKSI IKRAM) 📞0164774249 16. Pertubuhan Teratak Rahmah Wanita Islam TERATAI (Talian Khas Mangsa Keganasan Rumah Tangga) 📞 01167695171 17. Enrich Counselling & Therapy Centre 📞 0142668803 18. Persatuan Pakar Perubatan Keluarga Malaysia 📞0195003475 (Whatsapp) 19. Hospital Mesra Bukit Padang (Kota Kinabalu) - Talian Bilik Gerakan ⏰ 8.00 am - 5.00 pm 📆 Isnin - Ahad 📞 088230987 20. Women's Centre for Change ⏰ 9.00 am - 9.00 pm 📆 Isnin - Sabtu 📞 01131084001 / 0164287265 (WCC Hotline) 📞 0164180342 / 0164390698 (PWW Hotline) 📞 0164480342 (Whatsapp) 21. Befrienders Penang ⏰ 3.00 pm - 12.00 am 📞 01110629927 Foto Kredit: Medical Daily E-MEL 1. IIUM Covid-19 Pyschosocial Support Team 📩[email protected] 2. Pusat Kaunseling UPSI 📩[email protected] 3. Free Mental Health Email Guidance by MIIA 📩 Ms Tuneesha Regu : [email protected] (Malay, English, Tamil) 📩 Ms Nurul Liyana : [email protected] (Malay, English) 📩 Ms Ee Woon Kuah : [email protected] (Malay, English, Mandarin, Cantonese, Hokkien) 📩 Ms Aishah Diyana: [email protected] (Malay, English) 📩 Ms Shivasangarey: [email protected]@gmail.com (Malay, English, Tamil) 📩 Mr Jimmy Ong: [email protected] (Malay, English) 📩 Ms Nadiah Nordin: [email protected] (Malay, English) 📩 Ms Judy Mingkong: [email protected] (Malay, English, Kadazandusun) 📩 Ms Nurliana: [email protected] (Malay, English) 📩 Ms Rohany bt Gabi: [email protected] (Malay, English, Kadazandusun) 📩 Ms Sobana Dewi: [email protected] (Malay, English, Tamil) 4. Perkhidmatan Telekaunseling kepada Masyarakat Awam - UniMAP Pendaftaran melalui link: https://docs.",,
mami,15,Dah selesai lap Muawwiz kata dah mami.,,
deen,15,"1. Deen Maju Terletak di Jalan Gurdwara, nasi kandar Deen Maju ini sudah menjadi buah mulut orang ramai.",,
hi,15,"7 PILIHAN TEPUNG GANDUNG UNBLEACHED Hi, musim PKP ni semua org rajin membaking, buat kueh-mueh, buat donut, roti canai bagai kan.",,
zul,15,"Drama: Jalan ""Sesat"" ke Syurga Saluran: Astro Prima & Astro GO Tarikh Siaran: Sedang bersiaran (bermula 3 Ogos 2020) 2. Bidadari Kiriman Tuhan Jika sebelum ini gandingan Mira Filzah dan Zul Ariffin berjaya menarik perhatian ramai menerusi filem Sangkar, kini mereka sekali lagi bergandingan menerusi drama Bidadari Kiriman Tuhan.",,
ppr,15,"Ini adalah sebahagian daripada inisiatif program tanggungjawab sosial korporat (CSR) Sesama Mara bagi membantu golongan kurang berkemampuan yang terkesan dengan pandemik COVID-19. Box of Hope bantu penduduk PPR Selain dari memeriahkan sambutan Aidilfitri, Air Selangor juga telah mengagihkan 522 kotak Box of Hopes yang mengandungi barangan makanan asas seperti beras, minyak, gula, barangan kering dan tepung kepada keluarga B40 yang tinggal di kawasan Projek Perumahan Rakyat (PPR) sekitar Selangor, Kuala Lumpur dan Putrajaya.",,
im,15,And Im glad Im there for him during the breakdown.,,
hsa,15,"Bloomlife menepati piawaian FSA dan HSA, dan kini sedang dalam proses untuk mendapatkan kelulusan daripada badan FDA (US Food & Drug Administration).",,
jobs,15,Steve Jobs/ Foto Kredit: biography.com 5. Steve Jobs Pengasas dan CEO jenama komputer dan elektronik Apple atau Iphone ini memang selalu mengejutkan kita dengan pelbagai kisah kejayaan yang memberi inspirasi.,,
seng,15,"Emmanuel Wehry (Ketua Pegawai Pemasaran AXA AFFIN Life Insurance) dan Dr Adrian Seng (Pengarah, Beacon Health - subbahagian Beacon Hospital).",,
pfoa,15,Saya memang akan elak beli non stick cookware sebab bahan kimia macam PFOA dan PTFE.,,
ptfe,15,Saya memang akan elak beli non stick cookware sebab bahan kimia macam PFOA dan PTFE.,,
tada,15,Tada!,,
mpv,15,"Tetapi, siapa sangka dengan usaha yang keras dan ilmu yang ada, kini, beliau berjaya meningkatkan jualan sehingga 6 juta sebulan bersama Hedy's Batang Buruk sepanjang PKP ini, dan telah menaik taraf status syarikat beliau ke Sdn Bhd serta memiliki sebuah MPV mewah Vellfire!",,
mfgm,15,"Jenama susu tepung rumusan untuk kanak-kanak, Anmum Essential baru melancarkan susu Anmum ESSENTIAL GOLD yang diformulasikan secara saintifik dengan DHA, MFGM + Gangliosida (GA®), prebiotik dan 15 nutrien penting yang membantu menyokong pertumbuhan anak anda.",,
sdt,15,"Resepi Puding Tembikai BAHAN A 1 paket serbuk agar² (10gm) 4 cawan air BAHAN B (diblend) 3 keping roti putih gardenia 1 biji telur 1/4 cawan gula 1/2 cawan susu pekat 2 sdb mentega/margerin 1 tin susu cair 1 sdt esen vanilla 1/2 sdt perisa rose golden lion + 1/2 sdt bright red 1/2 sdt pewarna hijau tua + 1 sdt pewarna hijau apple star brand BAHAN LAIN (biji² tembikai) Cincau Bijan hitam Selasih Coklat chip Coklat rice Terpulang nak masukkan ye Cara Cara Penyediaan Puding - Masak bahan A sehingga larut - Perlahankan api - Masukkan pula bahan blend dan kacau sebati - Dengan menggunakan api perlahan masak sehingga adunan mendidih/naik wap - Tutup api Untuk loyang 8×8 - Ambil 1 cawan adunan puding diwarnakan hijau - Tuang ke dalam loyang/sejukkan - Cakar dgn garpu permukaan puding - Ambil 3/4 cawan adunan puding iaitu warna asal tuang ke atas lapisan hijau sejukkan - Cakar juga permukaan puding - Adunan selebihnya diwarnakan merah masukkan cincau atau bijan hitam (terpulang) - Tuang merah ke atas lapisan asal kemudian sejukkan - Siap/sedia dihidangkan Untuk loyang segi 3 (Loyang Segi 3 ni ada jual di bakery) - Tuang merah, warna asal dan akhir sekali hijau Ikut langkah2 yg sama **disini ada kesilapan sedikit Lapisan tgh opah tu sepatutnya nipis sedikit dari lapisan hijau.",,
hcg,15,"Cara Buat Ujian Kehamilan Ujian kehamilan direka untuk mengukur kadar hormon hCG dalam wanita, iaitu hormon yang dirembeskan oleh sel yang akan berkembang menjadi plasenta.",,
pt,15,Fungsi Kromosom X dan Kromosom Y pt.,,
rs,15,"9. Vietnamese roll 10. Sup sayur ada telur sebiji 11. Roti canadian purple wheat, scramble egg, light baked bean, salad 12. Brown rice, chicken grill, vegetables 13. Strawberi smoothie Strawberi 4 biji Pisang half (blh gnti kurma)-utk dptkan rs manis Fresh milk 100ml Air masak 300ml Instant rolled oat 3sk Blend then blh minum 14. Nasi putih Ikan rebus goreng Ulam selom, pegaga Sayur rebus Tembikai ikan rebus goreng ulam selom, pegaga sayur rebus tembikai 15. Overnight oat Resepi saya: Pakai fresh milk 100ml, rolled oat, chia seed n buah2 pilihan, gaul2 n overnightkan dlm peti.",,
آ,15,,,
upkk,15,"IKUTI KELAS UPKK ATAS KERELAAN SENDIRI Hui Ling berkata, dia mengikuti kelas UPKK atas kerelaannya sendiri memandang abangnya, Por Jie Hao, 14, pernah mengikuti kelas UPKK di SKTJ.",,
idul,15,Idul Adha atau Hari Raya Aidiladha adalah merupakan perayaan yang dirayakan oleh umat Islam di Malaysia dan seluruh dunia.,,
jtk,15,"Oleh itu, buat para pekerja teraniaya yang ingin membuat tuntutan ke atas majikan, anda perlu tahu dulu perbezaan JTK & JPP seperti diciapan seorang peguam ini.",,
trik,14,Anda boleh ikut cara seorang bapa ini yang menggunakan trik 'upah RM1' pada anaknya apabila melakukan setiap kebaikan.,,
الط,14,,,
ta,14,Puteri sulung Che Ta ini sudah semakin petah bercakap dan gelagatnya yang suka bergaya ala model yang sentiasa mendapat perhatian netizen.,,
evo,14,"Selepas kejayaan pertama 11street di Korea, mereka telah melebarkan sayap ke Turki pada 2013, kemudian Indonesia pada 2014, sebelum bertapak di Malaysia secara rasminya pada 11 April 2015. #2 Peminat Filem Zizan pernah berlakon dalam lebih 23 buah filem, seperti Cicak Man 3 dan Polis Evo.",,
aj,14,5) Van Vught AJ et al.,,
upm,14,3. Bantu kawal berat badan & turunkan kolesterol Kajian yang dilakukan oleh UPM dan diterbitkan dalam Journal of Natural Medicine pada tahun 2012 mendapati asam jawa bantu turunkan kolesterol LDL dan tingkatkan kandungan kolesterol HDL (kolesterol baik) dalam darah.,,
suke,14,Tambah air jika suke berkuah.,,
tik,14,So tik tok tik tok!,,
poin,14,"1. Tempat Duduk Keselamatan Bayi Kategori umur : 0-18 bulan Ketinggian : Sesuai bagi bayi dengan ketinggian kurang daripada 83cm Berat : 9 kg - 13 kg 2. Tempat Duduk Keselamatan Kanak-kanak Kategori umur : 15 bulan hingga 4 tahun Ketinggian : Sesuai bagi anak dengan ketinggian 71cm ke atas Berat : 9 kg - 18 kg 3. Booster Dengan 5 Poin Harness Kategori umur : 4 tahun hingga 7 tahun Ketinggian : 100cm dan ke atas Berat : 15 kg - 25kg 4. Tempat Duduk Sokongan (Booster Seat) Kategori Umur : 6 tahun ke atas Ketinggian : Sehingga 135cm Berat : 25 kg - 36 kg Pastikan Ia Mempunyai Cop Keselamatan Yang Disahkan Selain memilih kerusi keselamatan yang sesuai dengan umur, ketinggian dan berat, pastikan juga ia dilengkapi dengan ciri keselamatan yang disahkan.",,
aia,14,AIA Public Takaful menawarkan pelan yang sesuai diambil untuk para ibu dan juga anak Pelan untuk anak-anak boleh diambil seawal 14 minggu bayi dalam kandungan.,,
eid,14,3. Eid Authentic Korean Cuisine Eid Authentic Korean Cuisine halal yang dahulunya terletak di Itaewon kini membuka cawangan di Malaysia.,,
fwd,14,5. FWD yang lebih menjimatkan berbanding AWD Pemandu SUV perlu tahu tukar minyak pada gandar belakang mengikut jadual yang ditetapkan untuk memastikan SUV anda sentiasa dalam keadaan baik.,,
amr,14,"(Ayat 50) ""Datangkanlah"" tu datang dalam bentuk fe'el amr yang membawa maksud arahan yang berbentuk kesegeraan.",,
seo,14,"2. Park Seo Joon Kredit: TheSmartLocal Memecahkan 'skala seksi' lagi, Park Seo Joon mengejutkan orang ramai apabila boleh berbahasa Sepanyol di dalam sebuah rancangan realiti, Youn's Kitchen.",,
أن,14,"Kata beliau: جعل اللباس كناية عن الزوج لكونه ستراً لنفسه ولزوجه أن يظهر منهما سوء ""Dijadikan pakaian itu sebagai satu perumpamaan di dalam al-Quran bagi seorang suami adalah kerana suami akan menjadi pelindung buat dirinya dan isterinya daripada terdedahnya keburukan mereka berdua"".",,
xxl,14,Saiz lampin boleh didapati dari saiz S hingga XXL!,,
nin,14,Kalau nak rasa cendol terbaik di Pulau Pinang nin anda boleh berkunjung ke TeoChew Chendul yang terletak di Lebuh Keng Kwee.,,
kbat,14,theasianparent.com Berhenti merungut kata silibus tinggi dan soalan terlampau KBAT.,,
illa,14,"5. Ketika isteri hampir bersalin, suami digalakkan membaca doa berikut, ""La ila ha illa anta subha naka inni kun tum minadzolimin"" Maksudnya : ""Tiada Tuhan yang disembah melainkan Engkau Maha Suci.",,
anta,14,"5. Ketika isteri hampir bersalin, suami digalakkan membaca doa berikut, ""La ila ha illa anta subha naka inni kun tum minadzolimin"" Maksudnya : ""Tiada Tuhan yang disembah melainkan Engkau Maha Suci.",,
sm,14,"Tambah beliau lagi, akibat kejadian tersebut, ibu suspek berusia 56 tahun mengalami luka sedalam 2 sentimeter (sm) dan sepanjang 6 sm pada lengan kiri serta menerima 10 jahitan.",,
rmt,14,Baca juga: Biar Betul Makanan RMT Sekolah Macam Ini?,,
آت,14,,,
الز,14,,,
وف,14,,,
nhs,14,Rujukan BabyCenter nhs.,,
blw,14,"2. Gunakan makanan yang lembut pada awal BLW journey seperti buah yang dah masak ranum, telur rebus, sayur yang dah di masak, pasta, ayam yang dah dipotong halus.",,
mo,14,"Mo masa ni peliklah nampak normal je awliya masa ni tapi selepas ibu ceritakan awliya mmg collapse dan lembik , MO tetap juga buat untuk refer ke hospital untuk cek punca kenapa dia dalam keadaan tak bermaya tapi mata terbuka.",,
pdp,14,"6. Pendekatan PdP Guru digalakkan untuk menggunakan pendekatan PdP iaitu pembelajaran bertema, modular, pembelajaran berasaskan projek, simulasi amali (Virtual Lab) atau pembelajaran terbeza bagi mengurangkan kebergantungan kepada buku teks dan membuat pembelajaran lebih menarik.",,
إن,14,"Dalam sebuah hadis, Rasulullah SAW bersabda, يا علي: إذا خرجتَ منْ منزلك تريدُ حاجةً فاقْرَأ آية الكرسي، فَإن حاجتك تقضى إن شاء الله تعالى Maksud : Wahai Ali, jika kamu keluar dari rumah untuk hajat yang sangat penting maka bacalah ayat al-Kursi nescaya hajat kamu akan tercapai dengan keizinan Allah swt.",,
umt,14,"Pengkaji UMT Nafikan Kenyataan Sementara itu, Prof Madya Dr Ong Meng Chan yang dikatakan mengeluarkan kenyataan tersebut menafikan amaran sedemikian kepada rakyat Malaysia.",,
bkm,14,"Baca juga: #Bajet 2022: Bantuan BKM RM2000 Buat Isi Rumah Pendapatan RM2,500 Ke Bawah BANTUAN KELUARGA MALAYSIA RM2500 Berita baik buat rakyat yang memerlukan bantuan adalah pengumuman Bantuan Keluarga Malaysia (BKM) itu akan diberikan kepada isi rumah yang mempunyai pendapatan sebanyak RM2500 ke bawah dan mempunyai lima orang anak atau lebih.",,
dhal,14,"Berikut ialah senarai barang yang tidak dikenakan GST yang dibentangkan dalam Bajet 2014 GST tidak akan dikenakan kepada barangan makanan asas antaranya beras, gula, garam, tepung, minyak masak, kacang dhal, rempah ratus, ikan masin, cencalok, budu sekali pun belacan Bekalan air paip dan 200 unit pertama elektrik sebulan bagi pengguna domestik tidak dikenakan GST Perkhidmatan yang disediakan oleh Kerajaan seperti pengeluaran pasport, lesen, perkhidmatan kesihatan, pembelajaran di sekolah, tidak dikenakan GST Perkhidmatan pengangkutan seperti perkhidmatan bas, keretapi, LRT, teksi, feri, bot, tol lebuhraya serta perkhidmatan pendidikan dan kesihatan dikecualikan dari GST Jual beli dan sewaan rumah kediaman sertap erkhidmatan kewangan yang terpilih juga dikecualikan dari GST Ulasan: Memang patut barangan di atas tidak dikenakan GST.",,
bbp,14,"Menurutnya, seramai 13 anggota dikejarkan ke lokasi yang terletak kira-kira 11 kilometer dari BBP Lintas.",,
chek,14,"Promosi Happy 11.11 Sale, rugi jika tak dapatkan Chek Hup Coffee Brown!",,
eija,14,"Sertailah cabaran duet Tiktok #BersahurBersamaBerocca dengan pempengaruh seperti Eija Anuar, Akkidos dan Luqman Podolski serta tunjukkan aktiviti anda ketika bersahur bagi memeriahkan puasa dan kekal bertenaga sepanjang hari.",,
ndtv,14,"Dalam kejadian pada Isnin lalu, Runa Chikhuri Sahni, 30, didakwa telah mencampak mereka sebelum cuba melompat ke dalam perigi, lapor stesen televisyen NDTV.",,
nasa,14,Pakar fizik Brian Cox melawat NASA Space Power Facility di Ohio untuk membuktikannya.,,
mda,14,Apa-apa pun baca arahan penggunaan betul-betul dan belilah Kit Ujian Kendiri yang mendapat perakuan dari MDA SAHAJA.,,
faq,14,] *Kredit: Jesselton Sabah Sila rujuk FAQ ASNB Maybank untuk maklumat lanjut.,,
saif,14,"Kalau macam itu, buat sendiri sahajalah lantai konkrit simen seperti perkongsian Ahmad Saif di laman Facebooknya.",,
dj,14,#tipskereta #keretarecond #unitedviable ♬ Dalamo Dalamo - DJ Opus Moga bermanfaat.,,
shj,14,Saya potong kiub sebab: Elak anak hisap jus shj kalau potong bentuk bulan sabit Senang jumpa n buang biji oren Cara-caranya: - Buah oren.,,
hlt,14,"Ada yang usia 35 HLT, 3 HLT dan 3 HLS.",,
mek,14,"Kedua-dua ubi ini sedap dimasak dan dijadikan kuih seperti cek mek, keria dan sebagainya.",,
aff,14,"Menjelang perlawanan akhir Piala AFF Suzuki malam antara Harimau Malaya dan pasukan Vietnam, dah tentu ramai rakyat Malaysia yang bersemangat nak menyaksikannya beramai-ramai.",,
fic,14,Perasmian The Grand Beach Resort Port Dickson pada 9 November 2016 oleh Pengerusi Kumpulan Felda Y.B Tan Sri Datuk Sri Utama Mohd Isa Datuk Haji Abdul Samad The Grand Beach Resort yang dulunya dikenali sebagai Selesa Beach Resort telah diambil alih oleh FIC sejak Oktober 2014. FIC telah melaksanakan penjenamaan semula serta menaik taraf dan menambahbaik struktur dan kemudahan-kemudahan di hotel untuk memberikan imej baru serta meningkatkan keselesaan para tetamu.,,
pla,14,Miang Pla Pao MamiScha Version.,,
iol,14,"Sebelum proses IOL dimulakan, doktor terlebih dahulu melakukan pemeriksaan ke atas janin dan ibu, untuk memastikan keadaan adalah sesuai dan selamat untuk IOL.",,
bms,14,*Tertakluk terma dan syarat BMS 2021 merupakan program signature PTPTN di mana ia menjadi program khusus yang diadakan oleh PTPTN sempena menyambut Hari Tabungan Sedunia yang disambut pada 31 Oktober setiap tahun.,,
sigc,14,"Irama Residensi SIGC, perumahan konsep golf club resort Untuk pengetahuan anda, Irama Residensi SIGC merupakan projek kediaman terbaru di Seremban yang dibangunkan di atas tanah seluas 41 ekar.",,
beds,14,"1st class (Double Beded) 6 beds 1st class (Four Beded) 8 beds 2nd class (Four Beded) 8 beds 3rd class (Four Beded) 4 beds Single Beded 1 bed Isolation Bed 1 bed 2. Surgical ward consist of two wards 3A & 3B including Opthalmology, ENT and Dental located at 3rd floor.",,
bp,13,"Harga: Dari RM110+ Semalaman Jarak Dari Cherating: 11.8 KM via Jln Kuantan - Kemaman/Route 3/AH18 | 13 Minit Pemanduan Alamat: No.413, Jalan BP 2/7 Taman Banggol Permai, Terangganu, 24000 Cukai 10. Suria Cherating Beach Resort Di tepian Laut China Selatan, terletaknya sebuah resort yang memberikan ketenangan jiwa, Suria Cherating Beach Resort.",,
pjj,13,Setakat sekarang aku masih gagal untuk tidak sediakan bekal melainkan kami terpaksa pjj & aku memang betul-betul tak sihat.,,
sa,13,"6. Huawei Mate 30 Pro 5G-Menyokong 5G SA Dan NSA Buat masa ini, ada beberapa syarikat telekomunikasi menawarkan rangkaian 5G berasaskan NSA (bergantung kepada infrastruktur 4G sedia ada), sementara versi 5G SA pula yang memfokuskan kepada infrastruktur 5G sepenuhnya.",,
usd,13,"HUAWEI juga ada menganjurkan HUAWEI Film Awards (HFA) di mana anda berpeluang merebut hadiah bernilai USD 20,000, dengan syarat video dirakam menggunakan telefon pintar HUAWEI.",,
ootd,13,Bangunan City Hall Penang yang serba putih ini memang cocok sangat kalau anda nak ber OOTD.,,
rom,13,"Paling best, kedua-duanya ada 128GB ROM.",,
ks,13,"Mobile: 017-2810 332 (Whatsapp) Office: 03-8075 3625 (Working hour) E-mail: [email protected] Alamat: Lot 19, Jalan KS 3A, Taman Kinrara, Seksyen 3, 47190, Puchong, Selangor, Malaysia.",,
mri,13,"1.PERTAUTAN EMOSI DENGAN ANAK Apabila Imbasan MRI dibuat ke atas otak para ibu dan para bapa dalam satu kajian oleh University of Denver pada tahun 2014, didapati bahawa bahagian otak yang dikaitkan dengan: 1.Perapatan (attachment) 2.Pemupukan (nurturing) 3.Empathy 4.Keupayaan untuk menterjemah dan bertindakbalas terhadap tingkah laku bayi, telah pun aktif pada para ibu sejak bayi lahir lagi.",,
sani,13,3. TEKNIK BELI JIWA Gambar hiasan: Reader's Digest Teknik oleh Tuan Badrul Sani.,,
xx,13,5. ROTI PITA INTI AYAM Bawang putih Bawang Merah Dada ayam kisar - 120g Serbuk Kari Serbuk paprika Serbuk lada hitam Timun Tomato Yogurt asli - 1 sudu makan XX hot peri-peri sauce - 1 tsp Minyak Garam/ mushroom seasoning Cara penyediaan: 1. Tumis bawang merah n putih dengan sedikit minyak sehingga naik bau.,,
suv,13,5 SEBAB KENAPA RAMAI PILIH SUV: 1. Gaya dalaman dan keselesaan Sebelum membuat keputusan untuk membeli kereta pastinya seseorang itu sudah mempunyai pekerjaan tetap.,,
cc,13,"Nak insert link, add cc etc jadi sangat pantas.",,
bo,13,"' ""Aku bo bo bo bo bosan Aku Bosan dengan bla bla bla Bla bla blabla mulutmu.",,
jaa,13,6. PENCUCI TANDAS Ni untuk cucian mingguan jaa.,,
npk,13,"Pada peringkat awal tanaman, saya guna baja NPK Larut Air 18.18.18 + micro dengan kepekatan antara 1.5 hingga 2.0. Bila pokok dah besar dan nada daun lebih kurang 25 helai, saya tukar kepada baja NPK Larut Air 12.12.36 + micro.",,
fax,13,"2. Felda Villa Kuala Lumpur Alamat : ANJUNG FELDA, JALAN PERUMAHAN GURNEY, OFF JALAN SEMARAK, 54000 KUALA LUMPUR TEL: +603-2692 5397, Fax: +603-2692 5382 Pakej lengkap ( bilik bersiap, pelamin, makanan, kek, PA sistem dll ) bermula RM28 seorang.",,
yag,13,Ini kerana ianya merupakan alatan yag digunakan setiap hari dan jika anda kurang memberi perhatian pasti ianya kotor.,,
او,13,,,
يك,13,,,
ayaq,13,"22 Sept 2019 (Ahad) Anaqi tsaqeef bangun pagi tu ibu gerak sebab nak bagi adik mandi awai, ibu cuba lagi bagi adik mandi ayaq daun bunga raya putih sebab org petua mcmtu kalau demam.",,
hadi,13,"Lihat: al-Albani, as-Silsilah ash-Shahihah, 3/381. Muqbil B. Hadi al-Wadi'i, al-Jaami' ash-Shahih mimma Laisa fii Shahihain, 2/373-374. An-Nawawi turut memperakui kesahihannya dalam al-Majmu' Syarah al-Muhadzdzab, 6/312) Syaikh Muqbil B. Hadi al-Wadi'i rahimahullah meletakkan hadis ini dalam bab: ""Mendengar Azan Sementara Bekas (Minuman) Berada Di Tangan Maka Dibolehkan Untuk Minum Darinya"".",,
sle,13,"Namun, ramai yang terkejut apabila beliau disahkan menghidap penyakit lupus dan ramai tak tahu apa itu penyakit lupus atau SLE ini.",,
iya,13,"TERMOMETER (CHECK SUHU) Gambar hiasan - Hello Sehat Iya, sangat penting.",,
hib,13,uk 5. Hib / Haemophilus influenza type B Kanak-kanak boleh mendapat penyakit Hib hanya dengan berada di sekeliling kanak-kanak lain atau orang dewasa yang dijangkiti.,,
hrpb,13,Kami terus hantar ke Jabatan Kecemasan HRPB.,,
gs,13,"Orang ramai yang mempunyai sebarang maklumat berkenaan kes ini diminta tampil memberikan keterangan dengan menghubungi Pegawai Penyiasat kes iaitu Asisten Superintendan GS Baldev Singh di talian 012-480 6062 atau Bilik Gerakan IPD Sentul di talian 03-40482222,""katanya.",,
aedy,13,"Syoknya, kali ni Bata memperkenalkan Aedy Ashraf dan Anna Jobling sebagai Duta Bata Red Label baru mereka.",,
jiom,13,"NAK LAGI MUDAH, CUBA NIN JIOM PEI PA KOA NI.",,
قال,13,"Antaranya; مَن سأَل وعندَه ما يُغنيه فإنَّما يستكثِرُ مِن جمرِ جهنَّمَ قال: يا رسولَ اللهِ وما يُغنيه ؟ قال: ما يُغدِّيه ويُعشِّيه Barangsiapa yang meminta - minta padahal ia berkecukupan maka dia memperbanyakkan untuk dirinya kerikil neraka Jahannam"" Para sahabat bertanya; ""Apakah yang diertikan berkecukupan itu wahai Rasulullah ﷺ""?",,
yoko,13,Satu pack berharga RM11.00 2. Ammeltz Yoko Yoko Salah satu jenama lain yang mendapat permintaan ramai khusus untuk wanita haid adalah Ammeltz Yoko Yoko.,,
ud,13,,,
bji,13,) breadcrumb 2 bji telur Langkah-langkah: Berikut adalah cara membuat cheesy ball.,,
kpt,13,"PELAJAR TIDAK TERLIBAT TERUSKAN BELAJAR SECARA ONLINE Dalam perkembangan sama, KPT memaklumkan pelaksanaan PdP secara hibrid dalam kampus boleh dijalankan dengan mematuhi sepenuhnya prosedur operasi standard (SOP) dan mengutamakan keselamatan serta kebajikan pelajar.",,
gsk,13,"Kesihatan baik rahsia kehidupan bahagia Sebagai jenama yang dipercayai, GSK Consumer Healthcare komited membantu melegakan pengguna daripada kesakitan dan ketidakselesaan terutamanya ketika menyambut lebaran.",,
ekin,13,"Kak ekin, nenen saya macam bengkak.",,
rmhc,13,"Sebagai generasi masa depan, kebajikan kanak-kanak di Malaysia perlu dititikberatkan, lebih-lebih lagi kanak-kanak daripada keluarga kurang berkemampuan. Kempen Baik Semula RMHC Malaysia dengan kerjasama McDonald's Malaysia dan Media Prima mengajak anda semua mengumpul dana untuk sama-sama membantu kanak-kanak yang memerlukan ini.",,
gb,13,"Antara ganjaran tambahan bernilai sehingga RM500 yang akan diberikan oleh Shopee ialah: 6 x Baucar Penghantaran Percuma (Free Shipping) bernilai RM10 (Perbelanjaan Minimum RM10) 8 x Baucar Coins Cashback bernilai RM5 (Perbelanjaan Minimum RM10, Diskaun 15%) 10 x Baucar Mall Seller bernilai RM 5 60 x Baucar ShopeePay bernilai RM5 Baucar Prabayar YES (40 GB + SIM) bernilai RM50 Baucar akan dikreditkan setiap hari Banyak bukan?",,
mijf,13,Ni admin bagi sedikit info mengenai MIJF dan kenapa anda semua kena ke sana.,,
ipu,13,"Di Malaysia kita dengan IPU 100+ pun boleh rasa sesak nafas, apatah lagi di Kalimantan kan?",,
kosé,13,"KOSÉ SEKKISEI Herbal Gel dijual pada harga RM130, dan boleh didapati di semua kaunter KOSÉ.",,
rp,13,RP HF410BE & RP NJ310BE Pilihan Terbaik Untuk Anda Yang Gemar Tampil Athleisure Style!,,
tuqo,13,"Sambil melihat gambar-gambar dan ilustrasi di buku, saya menceritakan kepada Tuqo dan Taqi tentang sejarah dan maklumat berkaitan dengan tempat-tempat tersebut.",,
pru,13,"Fasa Ketiga Tambah beliau lagi, dalam fasa ketiga nanti, 2% daripada sumbangan KWSP suami akan dimasukkan dalam akaun isteri seperti yang termasuk dalam 10 janji Parti Harapan dalam PRU ke 14 yang lalu.",,
hktb,13,"Paling best, pihak HKTB bakal membawa kami jelajah kota HK seperti penduduk tempatan.",,
buko,13,Buko pandan merupakan manisan dari Filipina.,,
inni,12,"2.Rabbi inni lima anzalta ilayya min khairin faqir Tuhan, sungguh aku sangat mendambakan uluran kebaikan dari hadirat-Mu.",,
vr,12,"Dengan menggunakan teknologi VR yang ibunya hantar kepadanya, Bryan dapat merasa suasana menyambut Tahun Baru Cina bersama keluarga di rumah.",,
hyun,12,Kisah bermula dengan Oh Hyun Jae yang kehilangan tunangnya dalam sebuah pengeboman angkara pembunuh bersiri.,,
اض,12,,,
oi,12,Busy oi.,,
ek,12,6. Jangan tanya muka kami ikut muka sapa pastu jangan menyebok nak kata kami iras-iras macam cucu sulung pakcik sebelah umah wan punya ank sedara tiri tu ek!,,
doi,12,"6, 28496; doi: 10. 1038/srep28496 (2016) 4) Alarcon PA, et al.",,
mj,12,"Br J Nutr (2013), 109, 1031-1039. Dietary arginine and linear growth: the Copenhagen school child intervention study 6) Van Summeren MJ et al.",,
icsi,12,"Harga: Dianggarkan sekitar RM10,000-RM18,000 (harga adalah berbeza mengikut institusi perubatan yang dipilih) Intra-cytoplasmic sperm injection (ICSI) Kredit Video - Patreskovic Sekiranya rawatan IVF tidak berjaya, pesakit disarankan untuk mencuba kaedah ICSI yang mana sperma terpilih akan disuntik secara terus ke dalam telur di bawah mikroskop.",,
fpx,12,"Antara kaedah bayaran tanpa tunai yang diterima adalah termasuk MyDebit, DuitNow QR, JomPAY, FPX dan DirectDebit Untuk pembayaran di kaunter, anda boleh boleh menggunakan kaedah pembayaran menggunakan MyDebit (kad ATM) atau imbas DuitNow QR.",,
stik,12,Resipi asam pedas daging :http://myresipi.com/recipes/asam-pedas-daging 3. Stik Daging Lembu Apa lagi yang boleh dibuat dengan daging korban?,,
upa,12,"UPA 5mg telah terbukti dapat menghentikan pendarahan rahim, merawat anemia dan mengecutkan fibroid.",,
nuts,12,"Brazil nuts, almond , walnut mengandungi selenium, biji sunflower, biji anggur dan labu baik untuk benih lelaki.",,
jo,12,"6. Jo Jung Seok Kredit: Soompi.com Jo Jung Suk menempah namanya sebagai pelakon berbakat menerusi filem Architecture 101. Kalau anda pernah menonton drama Hospital Playlist, pasti anda juga kenal dengan kreadibiliti dia sebagai pelakon serba boleh dan meninggalkan kesan mendalam kepada penonton.",,
siew,12,"Kes samun yang berlaku baru-baru ini di MRT Cheras 6 Stesen MRT Hotspot Menteri Pengangkutan, Anthony Loke Siew Fook berkata, sebuah pasukan petugas khas akan ditubuhkan dan ditempatkan di stesen MRT terutamanya di 6 stesen MRT 'hotspot' iaitu Taman Mutiara Cheras Batu 11 Bukit Bintang Maluri Kajang Pertama Cheras Pasukan petugas khas tersebut akan dibentuk daripada 1,300 anggota polis bantuan yang sedia ada yang tidak memakai pakaian seragam serta akan membuat rondaan di 115 stesen MRT.",,
haq,12,"Pasukan e-sukan Team Haq menjuarai Liga Profesional Mobile Legends (MPL) MY musim ke-10 dengan mengalahkan juara bertahan Todak,4-2, baru-baru ini.",,
npra,12,Tetapi pihak swasta bebas untuk beli dan guna kerana diluluskan oleh NPRA sebelum ini.,,
pnb,12,"3. Peruntukan RM200 Unit Amanah Saham Untuk Setiap Bayi Rasa-rasanya mesti lebih ramai pasangan yang rancang nak tambah anak lagi mulai 2018. Mulai 1 Januari 2018, Peruntukan Dana Amanah Dana Anak Malaysia (ADAM50), iaitu Dana Tabungan Permulaan sebanyak RM200 unit amanah sahan PNB diperuntukkan untuk setiap bayi yang lahir.",,
chm,12,"ChM Dr. Fatimah Salim, Ahli Kimia.",,
krai,12,"Akibat terdapat kandungan dadah dalam badan, seorang kanak-kanak lelaki berusia empat tahun kritikal dan sedang menerima rawatan di hospital Mangsa tinggal di Kampung Sri Bintang, Kuala Krai dibawa ke Hospital Kuala Krai (HKK) jam 5 pagi semalam oleh ibunya untuk rawatan sebelum pihak hospital melaporkan kepada polis.",,
الح,12,,,
آن,12,,,
afp,12,Kandungan AFP yang tinggi adalah petunjuk bahawa bayi mungkin mempunyai kecacatan tiub saraf seperti spina bifida.,,
ez,12,Atau mungkin ada yang sebelum ni hantar borang secara manual dan pertama kali nak guna sistem online di EZ Hasil.,,
rc,12,"C bila kau banyak minum air laut, tekak rasa tak selesa, sila guna RC ni, memang banyak membantu.",,
على,12,) Syaikh al-Albani rahimahullah menyatakan: وفيه دليل على أن من طلع عليه الفجر وإناء الطعام أو الشراب على يده أنه يجوز له أن لا يضعه حتى يأخذ حاجته منه فهذه الصورة مستثناة من الآية: وكلوا واشربوا حتى يتبين لكم الخيط الأبيض من الخيط الأسود من الفجر.,,
ngah,12,"Kemudiannya disusuli dengan pengenalan lagu bendera baharu, dengan susunan oleh penulis lagu Malaysia Pak Ngah dan lirik oleh penulis lagu Siso Kopratasa.",,
ncsm,12,"Selepas melancarkan pelan perlindungan insurans kanser serba lengkap yang dinamakan AXA Cancer Care pada awal tahun ini, AXA AFFIN Life Insurance Berhad berganding bahu dengan Persatuan Kebangsaan Kanser Malaysia (NCSM) berjaya meraih RM 52,000 bagi membiayai operasi Perkhidmatan Maklumat Kanser (CIS) NCSM.",,
lato,12,"Baca juga: Fenomena Lato Lato, Lebih Banyak Kebaikan Atau Keburukan?",,
يح,12,,,
acc,12,1. Pastikan Buka Acc bank anak sejak dari kecil.,,
kp,12,"3.Lengkapkan nombor kp, nama pemuh, alamat e-mel, nombor telefon dan alamat anda.",,
psb,12,Baja PSB ini mempunyai banyak manfaat dan boleh digunakan untuk semua jenis tanaman.,,
idcc,12,"14. Lokasi Kios KWSP Selangor KWSP Gombak Lot 5, Sunway Batu Caves 68100 Batu Caves Selangor KWSP Kajang Ground Floor, Mezzanine, Level 1, 2 & 3 No.1, Jalan Hentian 3 Pusat Hentian Kajang, Jalan Reko 43000 Kajang Selangor KWSP Klang Ground Floor & Level 1 Unit B-G-1, North Tower (Tower B) BBT One The Towers Lebuh Batu Nilam 1 Bandar Bukit Tinggi 41200 Klang Selangor KWSP Kuala Selangor Ground Floor & Level 1 No.1, Jalan Medan Niaga 6 Medan Niaga 45000 Kuala Selangor Selangor KWSP Learning Campus Persiaran KWSP 43000 Kajang Selangor KWSP Petaling Jaya Services Counter PJX-HM Shah Tower Lot A, Ground Level, PJX-HM Shah Tower No.16A, Persiaran Barat 46050 Petaling Jaya Selangor KWSP Puchong No.19 Jalan Bandar Lapan Belas Pusat Bandar Puchong 47160 Puchong Selangor KWSP Rawang No.3S-10-G & 3S-10-1 Rawang One Jalan Pintas Rawang 48000 Rawang Selangor KWSP Shah Alam Ground Floor, Level 1 & 2 Corporate Tower IDCC Shah Alam Jalan Pahat L 15/L 40200 Shah Alam Selangor Third Party Kiosk juga terletak di Pelbagai Bank & Aeon setiap negeri.",,
ve,12,"kalau anda nak tahu, Ve ni adalah siri jenama dapur Malaysia yang penuh inspirasi dengan memberikan rasa autentik dan asli dari kepelbagaian budaya dan warisan.",,
cef,12,"Berikutan keadaan seorang cef yang didakwa baru sahaja putus cinta, sebuah restoran BBQ di Jurong, Singapura terpaksa ditutup selama seminggu.",,
pui,12,"Jika anda mempertimbangkan untuk membeli Chrome Book, anda juga boleh merujuk perbandingan Chrome Book di Malaysia oleh W.H Pui dalam jadual di bawah.",,
dzul,12,"Bagi Dzul Yusoff, beliau mempunyai minat mendalam dalam seni tukang sejak usia muda lagi.",,
ما,12,"Daripada Abu Hurairah, bahawa Rasulullah SAW bersabda: أقرب ما يكون العبد من ربه وهو ساجد ، فأكثروا الدعاء Maksudnya: ""Keadaan yang paling dekat seseorang hamba dengan Tuhan-nya ialah ketika dia bersujud.",,
apdm,12,"KEMASKINI MAKLUMAT MURID DI APDM KPM OLEH IBUBAPA/PENJAGA Untuk makluman rakan-rakan di Facebook, ibu ayah yang ada anak-anak bersekolah BOLEH mula mengemaskini maklumat anak-anak melalui portal APDM (Aplikasi Pangkalan Data Murid) Kementerian Pendidikan Malaysia KPM.",,
nft,12,"Terbaru, Hotlink dan Nas turut menyasarkan untuk membawa karya Mural Warisan ke dunia digital melalui koleksi non-fungible token ataupun NFT eksklusif pertama Nas.",,
ayue,12,"""Semua itu penting untuk memberikan tenaga, mempercepatkan pertumbuhan sel baru bagi mengganti sel rosak, melindungi badan daripada penyakit dan banyak lagi manfaat tertentu untuk perkembangan si kecil"" Pastikan setiap wang ringgit yang dibelanjakan bernilai Ayue Idris.",,
sorr,12,"'Pokok Adalah Masa Depan Kita', tema Program 'Save Our Rainforest 2016' Pada kali ini, SORR 2016 akan membawa tema yang berbeza dari tahun-tahun yang lepas iaitu 'Pokok Adalah Masa Depan Kita'.",,
ayob,11,Foto Kredit : Instagram Zahiril Adzim Bertuah Zahiril Adzim dan isterinya Shera Ayob dikurniakan seorang putera dengan wajah yang kacak sejak kecil.,,
vi,11,SEMASA MEMASAK 1. Basuh beras vi.,,
noh,11,"Macam minggu lepas, juri jemputan ialah Noh Salleh.",,
atok,11,Bunyi macam snoring atok pun pernah.,,
ji,11,Ia mengisahkan tentang perkahwinan Ji Sun Woo dan Lee Tae Oh yang goyah apabila Lee Tae Oh mengadakan hubungan dengan perempuan lain.,,
miso,11,"Antara menu wajib dan menjadi kebiasaan orang Jepun adalah satu mangkuk nasi, ikan panggang, sayur goreng, miso sup dan satu potong buah-buahan.",,
vvip,11,Seumpama VVIP dan segala perkara yang dilakukan begitu mudah sekali.,,
asri,11,"15. Litar Go-Kart Foto Kredit: Harian Metro, Mohd Asri Saifuddin Mamat Berita baik untuk peminat sukan permotoran.",,
fiza,11,Puan Fiza Eliaza menjawab: Extra virgin olive oil (EVOO) adalah hasil perahan minyak pertama dari buah zaitun.,,
zaki,11,"Pakar Pediatrik & Pakar Endokrinologi Pediatrik, Kementerian Kesihatan Malaysia (KKM), Dr. Rashdan Zaki Mohamed berkongsi di laman sosialnya mengingatkan ibu bapa untuk memberi perhatian yang tinggi kepada kesihatan anak-anak.",,
maa,11,"' Dan apabila bangun tidur, beliau mengucapkan: ""Alhamdulillahilladzii ahyaana ba'da maa amatana wailaihi nusyur (Segala puji bagi Allah yang telah menghidupkan kami setelah mematikan kami, dan kepada Nya lah tempat kembali)"".",,
ml,11,TIDAK LEBIH DARIPADA 6 GRAM GULA BAGI SETIAP 100ml 100PLUS juga adalah minuman isotonik yang mengandungi tidak lebih daripada 6 gram kandungan gula bagi setiap hidangan 100 ml.,,
flos,11,Antara buah-buahan dan sayur-sayuran bagus untuk dimakan: Sayur-sayuran dan buah-buahan segar atau beku Sayuran dalam tin rendah natrium Buah dalam tin dalam jus atau air Antara buah-buahan dan sayur-sayuran yang perlu dielakkan: Kelapa Sayur-sayuran dengan sos berkrim Sayuran bergoreng Buah tin dalam air gula pekat Buah beku ditambah gula 3. JAGA KEBERSIHAN GIGI Amalkan kebersihan gigi yang baik dan flos gigi setiap hari.,,
fook,11,"Kes samun yang berlaku baru-baru ini di MRT Cheras 6 Stesen MRT Hotspot Menteri Pengangkutan, Anthony Loke Siew Fook berkata, sebuah pasukan petugas khas akan ditubuhkan dan ditempatkan di stesen MRT terutamanya di 6 stesen MRT 'hotspot' iaitu Taman Mutiara Cheras Batu 11 Bukit Bintang Maluri Kajang Pertama Cheras Pasukan petugas khas tersebut akan dibentuk daripada 1,300 anggota polis bantuan yang sedia ada yang tidak memakai pakaian seragam serta akan membuat rondaan di 115 stesen MRT.",,
dm,11,"Contoh: Sedilix DM ialah kombinasi Antitussive ( Dextromehorphan ) + Antihistamine ( Promethazine) + Decongestant(Pseudoephedrine) Mucoprom ialah kombinasi antihistamine ( Promethazine) + expectorant ( Carbocysteine) Cough-en ialah kombinasi Antitussive ( Dextromehorphan)+ Decongestant(Pseudoephedrine) RAWATAN BATUK DAN SELSEMA UNTUK ANAK KURANG 2 TAHUN Menurut Food and Drugs Administration (FDA), ubat batuk dan selesema tidak harus diberikan kepada kanak-kanak di bawah umur 2 tahun kerana ia berisiko menyebabkan sesak nafas,sawan dan sehingga boleh membawa maut.",,
tb,11,"A-005,Blok A Beaufort Square Avenue 2 Jalan Binunuk 89800 Beaufort Sabah KWSP Keningau Beg Berkunci 20 Jalan Masak 89009 Keningau Sabah KWSP Kota Kinabalu Block A, EPF Building Lot 49, Jalan Karamunsing 88598 Kota Kinabalu Sabah KWSP Kota Marudu EPF Building Lot No.2 Taman WTK Fasa II Jalan Tandek 89100 Kota Marudu Sabah KWSP Kudat Ground Floor, Lot 1, Block G Jalan Mawar, Pekan Tomborungus 89058 Kudat Sabah KWSP Lahad Datu EPF Building, MDLD 3330 Lot 65, Kompleks Fajar Jalan Segama 91126 Lahad Datu Sabah KWSP Sandakan Lot 3A & 5, Midtown Plaza Batu 4, Jalan Lintas Utara 90000 Sandakan Sabah KWSP Tawau TB 308, Block 35, Kompleks Fajar Jalan Perbandaran 91000 Tawau Sabah Third Party Kiosk juga terletak di Pelbagai Bank & Aeon setiap negeri.",,
umie,11,Semalam umie balik kerja lewat.,,
spd,11,Itu Tanda Ada Masalah Sensori SPD!,,
yum,11,Order Tom yum sampey 12 igek.,,
يق,11,,,
fath,11,"(Riwayat al-Bukhari (969),Abu Daud (2438),Ibn Majah (1727),al-Tirmizi (757)) Menurut Ibn Hajar al-'Asqalani dalam kitabnya Fath al-Bari: ""Sebab yang menjadikan istimewanya sepuluh hari (pertama) bulan Zulhijah adalah kerana padanya terkumpul ibadat-ibadat besar (dalam Islam) seperti solat, puasa, sedekah dan haji, yang (semua) ini tidak terdapat pada hari-hari yang lain"".",,
tah,11,Tah berapa kali padam dan betulkan balik.,,
ft,11,FT Image: Freepik.,,
hits,11,"Antara lagu hits yang berjaya menggegarkan pentas AJL ciptaanya adalah Purnama Merindu, Nian Dihati, Menadah Gerimis, Cinta Tersimpul Rapi, Siapa Sangka Siapa Menduga,Menadah Gerimis.",,
له,11,) Syaikh al-Albani rahimahullah menyatakan: وفيه دليل على أن من طلع عليه الفجر وإناء الطعام أو الشراب على يده أنه يجوز له أن لا يضعه حتى يأخذ حاجته منه فهذه الصورة مستثناة من الآية: وكلوا واشربوا حتى يتبين لكم الخيط الأبيض من الخيط الأسود من الفجر.,,
mcmc,11,"gambar SMS senarai kenalan MCMC menasihatkan pengguna untuk tidak memuat turun dan memasang aplikasi ""Pink WhatsApp"" tersebut.",,
skmm,11,"Penyebaran Berita Palsu Koronavirus, PDRM & SKMM Keluarkan Amaran Amaran itu dikeluarkan oleh Polis Diraja Malaysia (PDRM) serta Suruhanjaya Komunikasi dan Multimedia Malaysia (MCMC) yang menyatakan perbuatan itu boleh menimbulkan kekecohan dan kemudaratan kepada kestabilan negara.",,
muar,11,"Bagi Johor pula melibatkan Pontian (Ayer Masin, Rimba Terjun, Jeram Batu, Pontian, Ayer Baloi, Api-Api, Benut, Sungai Pinggan), Sedili Besar serta Kota Tinggi, Johor Bahru, Batu Pahat, Tangkak, dan Muar (Ayer Baloi, Sri Menanti).",,
thru,11,masuk ubat thru drip utk radang paru2. fuh.,,
ppb,11,"Di PPB, kami percaya di dalam menggalakkan komuniti terutamanya yang muda-mudi untuk menjalani kehidupan sihat dan belajar untuk menangani cabaran kehidupan"".",,
hee,11,"2. KYUNG HEE KIM, PENYELIDIK Tapi lebih sentap dengan kenyataan seorang penyelidik Korea ni.",,
taga,11,"Tahukah anda, dengan basikal hidbrid rekaan Taga Bikes, semua ini bukan lagi angan-angan!",,
tcrs,11,TCRS cukup terkenal dengan menu utamanya iaitu nasi ayam.,,
uae,11,"With 100 restaurants all over Malaysia, KRR has also expanded internationally and has restaurants operating in China, Cambodia, Indonesia, Philippines, Singapore, Bangladesh, Brunei, UAE, USA and India.",,
الذ,11,,,
auni,11,Kat sini ada bungkusan : 22hb siang 22hb malam 23hb siang 23hb malam 24hb siang 24hb malam (malam raya) 25hb siang (hari raya) 25hb malam 26hb siang Baju seluar extra Alya Baju seluar extra Auni Naufa & Najlaa CARANYA Kau kena bawa sebuah beg kecik sebab nanti kau perlukan beg tu untuk angkut bungkusan ke dalam rumah / hotel / homestay ikut tarikh baju yang kau nak pakai.,,
uvb,11,Apa kata cari kaca mata hitam yang berkualiti di mana dapat menyekat UVA dan UVB 99-100 peratus dari masuk ke mata.,,
mane,11,"Selotape bahagian dalam tu, mane part jari tak sampai, boleh tekan dengan berus lukisan/lidi je.",,
rni,11,"Ia juga membekalkan kanak-kanak dengan 80% daripada saranan pengambilan nutrien harian (Malaysia RNI 2017)³, serta kaya dengan pelbagai nutrien penting iaitu 9 Asid Amino Penting (9EAA), Asid Dokosaheksaenoik (DHA), Kalsium dan Vitamin D. Nutrien-nutrien lain yang boleh didapati di dalam DUTCH LADY MaxGro termasuklah Zat Besi, Magnesium, Fosforus, Zink, Vitamin A, E, K1, B1, B2, B3, B6, B12 dan C. DUTCH LADY MaxGro ini juga diformulasi khas untuk menyokong pertumbuhan optimum kanak-kanak seperti yang diakui oleh ibu-ibu sebenar di Malaysia, di mana 97% daripada mereka bersetuju bahawa mereka berpuas hati dengan penambahan ketinggian anak-anak mereka selepas meminum DUTCH LADY MaxGro⁴.",,
kkia,11,"Bagi ibu-ibu yang kali pertama mengandung dan tak tahu tentang Buku Pink, anda boleh pergi ke klinik kerajaan yang dikenali sebagai Klinik Kesihatan Ibu & Anak ( KKIA ) bagi mendapatkan pemeriksaan sebelum bersalin dan pemeriksaan pertama pada fasa awal kehamilan.",,
muaz,11,"Manakala penyampai radio Cool FM pula, Haiza, AG dan Muaz.",,
zara,11,"Kini semua orang mampu untuk memiliki baju jenama Zara, Armani Exchange, Ralph Lauren, Guess, Levi's dan jenama high-end yang lain.",,
ktp,11,"DAY 2 : ( COVER HIMEJI + KOBE ) using KTP 3 days Dari airport naik train Nankai line ke Shinimamiya station guna KTP, simpan lunggage kat Daikoku Locker, gerak ke Himeji dan Kobe.",,
geg,11,Ramai yang belum tahu apa itu GEG?,,
bbnu,10,"10 bintang yang bakal bersaing merupakan artis BBNU (Budak Baru Nak Up), iaitu Afieq Shazwan, Andi Bernadee, Ariff Bahran, Baby Shima, Fara Hezel, Sarah Suhairi, Sissy Iman, Syafiq Farhain, Tajul dan Wany Kayrie.",,
xiao,10,7) Chen Xiao Ying (China) Nilai kekayaan: AS$2.4 bilion (RM9.9 bilion).,,
choi,10,"10. Tell Me What You Saw Dengan barisan-barisan pelakon popular seperti Jang Hyuk dan Choi Soo Young (Girl's Generation), drama ""Tell Me What You Saw"" berjaya memenangi hati peminat k-drama dengan elemen plot twist.",,
ppz,10,"Anda jangan khuatir, jangan takut sebab kaunter PPZ ni dibuka setiap hari sepanjang Ramadan dari pukul 8.15 pagi sehingga 4.30 petang.",,
br,10,"br 3. Liu Fangyi (China) Nilai kekayaan: AS$4.2 bilion (RM17.4 bilion) Liu Fangyi merupakan pengasas dan CEO bagi Intco Medical Technology, iaitu syarikat yang mengeluarkan kelengkapan PPE seperti sarung tangan perubatan, pelitup muka serta peralatan hospital lain seperti cecair pembasmi kuman, kerusi roda dan kain gauze kasa.",,
iqra,10,"Orang ramai juga boleh mempelajari seni kaligrafi, mengikuti pengajian al-Quran bersanad dan mengikuti kelas pengajian yang ditawarkan seperti kelas Bahasa Arab, kelas Tahfiz al-Quran dan Kaedah Pengajian Iqra serta Tajwid.",,
nst,10,"Badan kerajaan dan bukan kerajaan di bawah sedia membantu anda dan pasangan Tunku Azizah Fertility Foundation (TAFF) Kredit Foto - NST Diasaskan oleh Raja Permaisuri Agong, TAFF ditubuhkan bagi membantu pasangan yang kurang berkemampuan untuk menjalani rawatan kesuburan.",,
oit,10,TERUJA OIT.,,
hca,10,"Walau bagaimanapun, kandungan HCA dalam asam jawa lebih rendah (3.5g dalam 100g asam jawa) berbanding 30g dalam 100g bagi asam gelugur.",,
eyes,10,"Their eyes keep on studying their surrounding , more alert , their legs kicking excessively , responding with a big smile when their names are being called including face recognition and wanting to grab things , crawling up to one feet and roll over which are signs of good development .",,
spao,10,"Jenama terkemuka termasuklah SPAO, Uniqlo, Harvey Norman, G2000, Cotton On, Celebrity Fitness, PADINI, Popular, KAISON, Adidas, Akemi-Uchi, Al-ikhsan dan lain-lain.",,
ss,10,"Alamat: 28, Jalan SS 15/8, Ss 15, 47500 Subang Jaya, Selangor.",,
ooi,10,Kredit: Gradient Lok Kredit: Gradient Lok Kredit: Kenji Ooi In-Display Fingerprint Scanner membolehkan Ultra FullView™ Display berfungsi dengan baik Vivo NEX ada Ultra FullView ™ Display yang membolehkan anda tengok skrin penuh.,,
syif,10,"""Penyediaan TASKA ini membabitkan peruntukan RM10 juta seperti diumumkan kerajaan Persekutuan ketika pembentangan Belanjawan 2019. ""Fokus kerajaan ialah menyediakan kemudahan ini (TASKA) kepada penjawat awam, terutama jururawat yang bertugas mengikut sistem syif.",,
sls,10,"Suu Balm Facial Care Cleanser juga tidak mengandungi SLS, Parabens dan juga pewangi!",,
hye,10,"Bukan itu sahaja, dia juga pernah berkahwin dengan Song Hye Kyo dan digelar 'Soong Soong Couple'.",,
wok,10,"Bukan itu sahaja, Gong Yoo juga merupakan rakan baik kepada pelakon kacak, Lee Dong Wok!",,
hq,10,"Facebook: D'ita Kek Lapis Borneo - HQ Instagram: ditakeklapisborneo_official Nazirah, 52 - 'jual produk melalui ejen dan dalam talian' Siapa kata wanita tak mampu majukan perniagaan?",,
drp,10,imgur.com Hai jadi doc ni banyak yg pelik doc ingin share dgn gang doc supaya kita dpt ILMU yg betui drp kena bohong dgn org tak tanggungjawab.,,
isya,10,Akak bagi waktu lepas isya.,,
aufa,10,"""Lebah jalan-jalan, Aufa tampalkan.",,
liew,10,"Aladdin - Reloaded diarahkan oleh Joanna Bessey dan pengarah muzik ialah Liew Marsh dan koreografi oleh J. Redza, pelakon utama daripada ""Aladdin - Reloaded"" dibarisi pelakon-pelakon profesional seperti Rashid Salleh (Kopitiam sitcom), Tria Aziz (penyanyi / pelakon / pelawak), Peter Davis (MMA Star).",,
bm,10,12. Galeri Shah Alam Foto Kredit: bm.,,
آل,10,,,
bi,10,"Ini antara doa / zikir yang boleh anda bacakan untuk anak: Surah As-Syuura Ayat 19: ""Allahu Latifun bi 'ibadihi, yarzuqu man yasha'u, wa huwa l'-Qawiyyu l-'Aziz"" Maksudnya: Allah Maha Lembut tadbirNya (serta melimpah-limpah kebaikan dan belas kasihanNya) kepada hamba-hambaNya; Ia memberi rezeki kepada sesiapa yang dikehendakiNya, dan Dia lah Yang Maha Kuat, lagi Maha Kuasa.",,
اط,10,,,
إلى,10,"فلا تعارض بينها وما في معناها من الأحاديث وبين هذا الحديث ولا إجماع يعارضه بل ذهب جماعة من الصحابة وغيرهم إلى أكثر مما أفاده الحديث وهو جواز السحور إلى أن يتضح الفجر وينتشر البياض في الطرق راجع "" الفتح ( 4 / 109 - 110 ) لأن من فوائد هذا الحديث إبطال بدعة الإمساك قبل الفجر بنحو ربع ساعة.",,
dtap,10,"Foto Kredit: chicagotribune.com 3. DTaP / Diphtheria, tetanus, pertussis (Sakit kerongkong, kancing gigi, batuk kokol) Difteria adalah penyakit pernafasan yang boleh menyebabkan masalah bernafas, lumpuh, kegagalan jantung dan kematian.",,
fong,10,"Lepas solat terus gerak ke ladang teh Chui Fong, dan terus pi Mae Sai.",,
ibs,10,"3) TIDAK SESUAI MEREKA YANG SENSITIF - Penderita alergi - Alahan (Ekzema, asma, resdung) - Migrain - GERD - IBS & IBD - Masalah saraf dan mental - Ahli keluarga ""histamin lainnya"".",,
tix,10,"Actually benda ni takkan berlaku kalau I tak dapat free tix to Milaidhoo Island, Maldives.",,
pp,10,"Jika menggunakan bekas jenis PP, lebih baik gunakan steam sterilizer.",,
gmo,10,Tak ada isu dengan GMO bagai.,,
uhu,10,"Bahan-bahan Kotak terpakai Pembalut Hadiah Gam biasa Gam UHU Gunting Pisau Lipat Pembaris Pensel File Ring Selotep Surat Khabar (jika perlu) Cara-cara Dah ada cukup bahan, jom tengok langkah membuatnya.",,
sfo,10,"Baca juga: 5 Tahun Tak Dapat Beraya Bersama Keluarga, Pelajar Mesir Kongsi Pengalaman Di Perantauan CARA JADI PILOT MACAM SFO MUIM, PENGALAMAN KENA PUASA SAMPAI 18 JAM!",,
muim,10,"Baca juga: 5 Tahun Tak Dapat Beraya Bersama Keluarga, Pelajar Mesir Kongsi Pengalaman Di Perantauan CARA JADI PILOT MACAM SFO MUIM, PENGALAMAN KENA PUASA SAMPAI 18 JAM!",,
sik,10,Macam mommy Sofia tok lamak dah sik makan sebab sik tauk resipi nya.,,
ngap,10,Lepas tu goreng telur dan ngap.,,
amru,10,"Dari Amru bin Auf ra katanya Rasulullah saw bersabda: ""Sesungguhnya sedekah seseorang Islam itu memanjangkan umur dan mencegah daripada mati dalam keadaan teruk dan Allah swt pula menghapuskan dengan sedekah itu sikap sombong, takbur dan membanggakan diri (dari pemberiannya)"".",,
otg,10,Pengguna android khususnya boleh buat macam ni sebab ia hanya memerlukan sebuah kabel OTG yang murah dan mudah didapati.,,
mptn,10,"Program Check-in Kampung akan berada di dua lokasi iaitu di Sungai Besar pada 19 Mei dan di Mukim Kesang, Tangkak pada 24 & 25 Mei 2019. Antara aktiviti yang bakal berlangsung adalah sesi gotong royong untuk berbuka puasa, moreh, ziarah sahur, solat terawikh, rakaman Tanyalah Ustaz, jualan makanan (food truck), sesi ramah mesra dengan artis Ramadan Raya MPTN dan tanggungjawab sosial korporat & khidmat masyarakat (CSR).",,
yada,10,"Sebab boleh jadi anda salah pasang, mesin anda tak berapa accurate yada yada yada.",,
rado,10,"Bekas Juara Perseorangan Wanita WTA #1 dan Terbuka Australia 2022, Ash Barty dan rakan kerjasamanya, Rado, telah melancarkan jam tangan Edisi Terhad III pada Disember 2022 ini.",,
ims,10,"Baca juga: Lelaki Pun Datang Bulan Tau, Kenali Tanda-Tanda Sindrom IMS Pasangan Anda CIRI-CIRI ORANG ITU MENGALAMI SINDROM PETERPAN Sindrom ini selalunya akan terkena kepada dewasa lelaki yang sepatutnya dapat hidup sendiri dan tidak bergantung kepada orang lain.",,
hoo,10,"Bukan sahaja beliau yang menjadi perhatian, adik lelakinya yang kini hampir berusia 3 tahun iaitu Park Geon Hoo ( Aciel) ini juga menarik perhatian ramai.",,
dvt,10,"Faktor ini juga meningkatkan risiko terjadinya darah beku di dalam saluran darah kaki yang dikenali sebagai DVT (""Deep Vein Thrombosis"").",,
feng,10,Ada orang percaya dengan Feng Shui.,,
bcg,10,3) Injection BCG bagi kat baby.,,
aki,10,KEKERAPAN KENCING KANAK-KANAK & KEGAGALAN BUAH PINGGANG AKUT (AKI) APA ITU KEGAGALAN BUAH PINGGANG AKUT (AKI) AKI selalunya disebabkan oleh penurunan mendadak dalam aliran darah dan atau oksigen ke buah pinggang anak anda.,,
moji,10,"Ini dibuktikan oleh Nazri Arshad, atau lebih selesa dipanggil sebagai Moji yang berkelana ke Hungary dan Romania (termasuk transit Amsterdam) selama 123 hari.",,
kuib,10,Caranya ialah meletakkan ais kuib dan menggosok muka secara lembut dan perlahan selama 5 minit.,,
𝘽𝙖𝙣𝙠,10,page Moratorium 𝘽𝙖𝙣𝙠 𝙍𝙖𝙠𝙮𝙖𝙩 https://cv19-support.,,
pukl,10,Dlm pukl 11 lebih misi tolak msuk ward untuk rest dulu.,,
eleh,9,"Sebab dari awal dah di biasakan, suami aku tak ada istilah malu kalau ada yang ejek, ""hek eleh, bawak bekal"" .",,
ki,9,"Setelah menyepikan diri dari industri hiburan, Song Joong Ki kembali sebagai Vincenzo iaitu penasihat dan orang kanan bagi kumpulan Mafia yang diketuai oleh Don Fabio.",,
yi,9,Dia pun bekerjasama dengan Kim Sun Jae dan Shin Jae Yi.,,
arts,9,Mereka mendaftarkan anak-anak mereka ke sekolah paling berprestij iaitu Cheong-Ah Arts School.,,
joo,9,K-drama ini mengisahkan tentang penulis popular bernama Han Se Joo yang mengalami kebuntuan idea dalam menulis.,,
hae,9,Go Hae Ri pula ialah seorang anggota National Intelligent Service (NIS) di Maghribi.,,
ipc,9,"3. BUCKET B CAFE, IPC SHOPPING CENTRE Kafe ini dimiliki oleh seorang ibu yang ternyata mahu memberikan kepuasan yang sama buat para ibu bapa untuk melihat anak-anak bergembira.",,
miti,9,mp4 Click untuk video asal : Pesanan Sayang Amy (P.S.A) Raya 2020 #AmyCariGrabAnda 12. Video Hari Raya Aidilfitri 2020 MITI Video-Hari-Raya-Aidilfitri-2020-MITI Click untuk video asal : Video Hari Raya Aidilfitri 2020 MITI.,,
inna,9,"11. Jika sedih atau tertekan, bacalah 3 doa Nabi SAW: Inna lillahi wainna ilahi rojiuun.",,
nhms,9,"Dr Wan Azdie (kiri) Laporan Tinjauan Kesihatan dan Morbiditi Kebangsaan (National Health and Morbidity Survey, NHMS 2019) menunjukkan 21.8% kanak-kanak mengalami bantut, berbanding 17.7% pada 2015 dan 16.6% pada 2011. Melihat kepada kesan buruk dan jangka panjang daripada kebantutan, Dr Wan Azdie menegaskan bahawa keadaan ini perlu diperbetulkan kerana ia sebenarnya boleh dicegah pada peringkat awal.1. Apa itu bantut?",,
mok,9,"Baca juga: Jangan Cakap Pandai Masak Kalau Tak Tahu 29 Petua Memasak Ini 30 IDEA MENU RAYA UNTUK TETAMU, CONFIRM TAK BALIK 1. SOTO AYAM 2. LONTONG 3. MEE KARI NYONYA 4. NASI ARAB 5. RENDANG AYAM PEDAS 6. MEE CHAMPA + MINYAK BAWANG PUTIH 7. LAKSA KEDAH 8. BAKSO 9. LAKSAM 10. NASI MINYAK SIMPLE 11. NASI KHOU MOK 12. NASI TOMATO 13. NASI DAGING AIR ASAM 14. NASI AYAM PENYET RANGUP 15. NASI AYAM BERKILAT 16. NASI AYAM LEBONAN 17. NASI KENTANG 18. PULUT KUNING & RENDANG AYAM 19. TAUHU BEGEDIL 20. NASI LEMAK SAMBAL MERAH MENYALA 21. ROTI JALA + KARI DAGING 22. SATAY AYAM + KUAH KACANG 23. NASI KERABU AYAM PERCIK 24. BIHUN SINGAPORE 25. LEMANG KUKUS EKSPRES 26. NASI JAGUNG + AYAM MASAK MERAH 27. NASI DAGANG TERENGGANU 28. NASI HUJAN PANAS 29. NASI MANDY AYAM 30. LEMANG + RENDANG + KARI AYAM Wah, sedap-sedap betul semua menu ya.",,
evoo,9,Bayi 6 bulan belum boleh beri EVOO.,,
ap,9,"Selain itu, 3M juga akan memperkenalkan barisan penapis air yang boleh dimiliki di 11street (www.11street.my) seperti: AP 902 Whole house filtration system DWS2500T-CN Drinking Water Filter System AP DWS1000 Drinking Water Filter System AP Easy Complete Drinking Water Filter System CTM-01 Countertop Drinking Water System AP Easy Cyst FF Food Preparation Water Filter System Peraduan Menarik untuk Produk 3M yang Menakjubkan 3M dan 11street akan memberikan peluang kepada pengunjung-pengunjung 1Utama untuk memenangi hadiah 3M yang menarik melalui peraduan 'Stack dan Instag It!",,
vibe,9,Video penuh: @nadiasulaiman81 elak 4 makanan ini #ibuhamil #tipsformomtobe #momandbaby #preggyproblems #pregnacyfood ♬ Caught A Vibe - Lancesavali.,,
ppn,9,"Nampaknya setelah sekian lama kita berada di rumah, kini kita sudah boleh keluar melancong di negeri sendiri berikutan peralihan Fasa PPN Covid-19 ke fasa yang lebih longgar.",,
sdk,9,4. BURNT CHEESECAKE Bahan-bahan: Cream cheese 250g Whipping cream 125ml Gula Kastor 1/2 cawan Telur 2 biji full + 1 telur kuning 1 sdk esen vanila 2 sdb tepung gandum *Cara dan setting bakar burnt cheesecake dalam air fryer dekat link ni 5. CARBONARA CHEESE ROLLS Resepi kami guna resepi ni (buat boleh simpan frozen).,,
hm,9,"Hm Dengan ura-ura Jepun nak buka border Jun ni untuk negara G7, mungkin ada yang dah bersiap-sedia untuk datang ke Jepun.",,
ec,9,"Evid Rep Technol Assess (Full Rep) 2007:1-122. [4] Hoekstra AV, Sefton EC, Berry E, et al.",,
tbs,9,"- Gula 1-2 tbs - Maggi cukup rasa 1tsp Cara penyediaan: - Mula-mula tumis garlic dengan minyak, masukkan bawang merah dan halia dan cili kering tumis sekejap masukkan sotong.",,
peng,9,"Saya gembira untuk menawarkan pengalaman ganjaran yang lebih baik ini kepada para peniaga dan ahli kami dengan B Infinite,"" kata Cik Yau Su Peng, Pengarah Jualan dan Inovasi di Berjaya Corporation Berhad.",,
chye,9,"Semak & Pulangkan, Tak Perlu Panik Mengulas isu tersebut, Timbalan Menteri Kesihatan Malaysia, YB Dr Lee Boon Chye menasihatkan kepada orang ramai supaya tidak perlu panik kerana ubat itu hanya memberi kesan negatif jika diguna untuk jangka masa panjang.",,
nano,9,"Dengan teknologi ini, nanowhite adalah satu-satunya rangkaian penjagaan kulit dengan Endorfin 'happy' yang membuka liang-liang roma untuk penyerapan yang lebih baik, serta molekul nano yang 1000 kali lebih halus untuk terus diserap masuk jauh ke dalam kulit.",,
يا,9,"Sabda Nabi SAW:- إيَّاكُمْ والدخول على النساءِ فقالَ رجلٌ منَ الأنصار يا رسولَ الله أفرأيتَ الْحَمُو قالَ الْحَمُو الموت Bermaksud : ""Janganlah kamu memasuki tempat para wanita.",,
أو,9,"Terdapat dua jenis takbir pada hari raya: TAKBIR MURSAL ATAU MUTLAQ (المرسل أو المطلق) Bermula sebaik sahaja terbenam matahari pada malam hari raya (sama ada Hari Raya Aidilfitri atau Hari Raya Aidiladha), dan ia berterusan hinggalah apabila imam mula mengangkat takbir bagi menunaikan Solat Hari Raya.",,
وء,9,,,
khoo,9,PERTOLONGAN TANPA MENGIRA SIAPA Khoo Cheng See dalam kiriman Facebook tersebut juga menyatakan lelaki tersebut begitu teruja berkongsikan kejayaan anaknya sewaktu dia membayar semula duit yang dipinjamkan kepadanya.,,
sdr,9,"co/kgs/ejnK4h) Atau anda boleh sumbangkan wang ringgit anda ke akaun: Persatuan Adab Gemilang, RHB 21245760025793 (Ref: Bantu Banjir) PIC: Sdr Afiq http://www.wasap.my/60184645926 17.Anonymous Angels Instagram: my.",,
datu,9,"LAHAD DATU: Seorang kanak-kanak perempuan berusia dua tahun sembilan bulan meninggal dunia selepas tertinggal dalam kereta yang dipandu ibunya di Taman Aman, dekat sini pada Rabu.",,
كان,9,"Nabi SAW memerintahkan umatnya agar sentiasa menjaga kata-kata daripada terjebak dengan perkataan yang dilarang oleh syarak, sabda Baginda: من كان يؤمن بالله واليوم الآخر فليقل خيراً أو ليصمت Maksudnya: Sesiapa yang beriman kepada Allah SWT dan hari akhirat maka hendaklah dia berkata-kata yang baik ataupun diam Riwayat al-Bukhari (6475) Menurut hadis di atas, seorang Muslim dituntut agar menuturkan kata-kata yang baik ketika bergurau mahupun ketika perbincangan atau suasana yang serius.",,
fil,9,"1. Amalkan Zikir Amalkan juga zikir ini sebagai pendinding daripada penyakit 'ain serta musibah lain : بِسْمِ اللهِ الَّذِىْ لاَيَضُرُّ مَعَ اسْمِهِ شَيْئٌ فِى اْلاَرِضِ وَلاَ فِى السَّمَآءِ وَهُوَ السَّمِيْعُ الْعَلِيْمُ Bacaan Rumi : Bismillahillazi layadurru ma'asmihi syai'un fil ardi wala fis sama'i wa huwassami'ul 'alim Maksud : Dengan nama Allah yang bila disebut, segala sesuatu di bumi dan di langit tidak akan berbahaya, DIALAH yang Maha Mendengar lagi Maha Mengetahui.",,
xl,9,"Senarai penuh: Galaxy Trend Lite Galaxy Trend II Galaxy SII Galaxy S3 mini Galaxy Xcover 2 Galaxy Core Galaxy Ace 2 Lucid 2 Optimus F7 Optimus F5 Optimus L3 II Dual Optimus F5 Optimus L5 Best L5 II Optimus L5 Dual Best L3 II Optimus L7 Optimus L7 II Dual Best L7 II Optimus F6, Enact Optimus L4 II Dual Optimus F3 Best L4 II Best L2 II Optimus Nitro HD Optimus 4X HD Optimus F3Q ZTE V956 Grand X Quad V987 Grand Memo Xperia Miro Xperia Neo L Xperia Arc S Alcatel Ascend G740 Ascend Mate Ascend D Quad XL Ascend D1 Quad XL Ascend P1 S Ascend D2 Archos 53 Platinum HTC Desire 500 Caterpillar Cat B15 Wiko Cink Five Wiko Darknight Lenovo A820 UMi X2 Run F1 THL W8 iPhone SE iPhone 6S iPhone 6S Plus.",,
kdnk,9,"""Dari segi KDNK tahun 2021, ekonomi kita berkembang pa­ling corot jika dibandingkan dengan negara-negara ASEAN lain"".",,
kote,9,Anak-anak lelaki ni fasa kote gatal ni dia lain tau.,,
prn,9,"Tahukah anda, PRN telah menerima 3 kes kanak- kanak termakan ""candy detergent"" ini dalam tempoh kurang 24 jam?",,
mof,9,"Lagi Mudah, Tak Payah Install Banyak Apps Maklumat Lanjut Untuk maklumat lanjut berkaitan Pembayaran BPR Fasa 2 ini, sila rujuk saluran berikut: Hotline BPR LHDNM: 1-800-88-2747 Hotline BPR MoF: 03-8882 4565/03-8882 4566 E-mel: [email protected].",,
ykn,9,"Tiga lagi Anjung Kasih iaitu dua di Hospital Putrajaya dan sebuah di Kota Kinabalu dijangka mula dibina tahun ini dan akan siap menjelang tahun 2021. Sejak ditubuhkan pada 2006 hingga kini, katanya terdapat 12 Anjung Kasih YKN beroperasi di hospital kerajaan di seluruh negara iaitu Sarawak (tiga), Pahang (dua), Selangor (dua) dan masing-masing sebuah di Perak, Negeri Sembilan, Pulau Pinang, Perlis serta Kedah.",,
afif,9,"Bapa kepada Afif Ajmal Zulkifli, 18, merupakan seorang Penolong Kanan Petang Sekolah Menengah Kebangsaan (SMK) Dato' Abdul Rahman Andak (SDARA).",,
ooo,9,Penat ooo tolong ss smua ni hahaha.,,
pei,9,"NAK LAGI MUDAH, CUBA NIN JIOM PEI PA KOA NI.",,
hs,9,Mayat kemudian dirujuk ke Unit Forensik HS untuk dibedah siasat bagi mengenal pasti punca kematian.,,
euro,9,"Dengan portfolio yang unik 32 jenama antarabangsa, pelbagai dan saling melengkapi, Kumpulan menjana jualan berjumlah kepada 22.5 bilion euro pada 2014 dan menggaji 78.600 orang di seluruh dunia.",,
ltd,9,"Mari lihat perincian di bawah oleh Darren Breen, Pengarah Urusan iMEDicare Ltd, peruncit British yang membekalkan aksesori untuk disfungsi erektil, yang mendedahkan bahawa terdapat tujuh jenis bentuk zakar.",,
kann,9,Anak dah 2 tahun pun tak tentu lagi akan mengandung dalam masa terdekat kann?,,
sorg,9,"Sampai tetiba hari ke-14 Maryam tak nak menyusu menangis non stop, sampaikan mommy hampir nak meroyan masa tu, lagipun berpantang sorg diri, rupa-rupanya Maryam selama ni menyusu badan mommy cuma kosong, 14 hari Maryam menahan lapar dahaga & Maryam anak yang sangat baik.",,
رسول,9,"Pesan Nabi SAW : عن أبي سعيد الخدري ، أن النبي صلى الله عليه وسلم قال : « إياكم وخضراء الدمن » ، فقيل : يا رسول الله ، وما خضراء الدمن ؟ قال : « المرأة الحسناء في المنبت السوء » Dari Abu Sa'id al Khudry radhiyallahu 'anhu, Rasulullah shallallahu 'alaihi wa sallam bersabda, ""Jauhilah khadhraaad diman"".",,
dc,9,"Menggunakan teknologi motor DC yang menjimatkan tenaga Jika anda mahukan kipas yang menjimatkan tenaga, Kipas Siling RAFFICA memang pilihan tepat.",,
الث,9,,,
obs,9,Sasar empat kumpulan utama OBS!,,
smpi,9,klu tak sbb susu basi smpi kesudah sy takleh beza antara full cream dan fresh milk.,,
ikot,9,"1.Resepi Nescafe Ais kaw -Nescafe 3 sudu kecil -Susu pekat ikot tekak nak manis mana -Air setengah gelas, jangan banyak nanti air tak kaw -Kacau-kacau lama-lama,masukkan ais dalam plastik.",,
lia,9,Sini Lia tunjukkan cara mudah nak beli 1 dinar emas (4.25 gram) dengan bulanan RM100 je.,,
pama,9,"Foto: Majalah PaMa Adakah anda tahu kepentingan ubat gigi Jika kita lihat, memang banyak jenama ubat gigi khas untuk kanak-kanak dijual dipasaran.",,
vsp,9,"Sebenarnya, kini anda boleh memaklumkan ketiadaan anda terus kepada PDRM melalui aplikasi VSP yang dibangunkan khusus sebagai inisiatif untuk membanteras jenayah.",,
ika,9,"BAHAN-BAHAN YANG DIGUNAKAN: -Beras (takda pun tak apa tapi ni untuk bagi tahan lama) -Minyak masak -Tisu @ perca kain -Lighter Video penuh: View this post on Instagram A post shared by Ika Radiusite (@ikaradiusite) Teruskan Membaca Related Items:cara buat lilin, lilin emergency Recommended for you Alamak Elektrik Terputus Pulak!",,
url,9,Lepas tu tekan butang 'SHORTEN' untuk dapatkan URL yang dah disingkatkan.,,
naan,9,Begitu juga dengan sajian roti naan keju (cheese naan) yang mendapat sambutan yang hangut di Malaysia.,,
وج,9,,,
xy,9,Baja yang saya gunakan adalah baja XY atau boleh guna baja AB atau baja biji pun boleh je.,,
pops,9,"Lihat gambar 1 dan 2. Sila lihat video Zirafah bersalin di dalam bahagian comment, anaknya dengan senang akan keluar tanpa apa-apa halangan tulang belakang ibu, dan saluran peranakannya berbentuk silinder dan bulat, ""Baby pops out"".",,
spr,9,- SPR benarkan dia datang berteman.,,
لى,9,,,
ea,9,Boleh rujuk EA Form anda.,,
lpt,9,"Jadi, untuk anda yang akan menggunakan Lebuhraya KL-Karak (KLK) dan Lebuhraya Pantai Timur Fasa 1 (LPT 1) sempena cuti perayaan, boleh ikuti cadangan waktu yang dimuat naik di Facebook rasmi milik LPT.",,
daro,9,"1. Perlis Hospital Tuanku Fauziah, Kangar 2. Kedah Hospital Sultanah Bahiyah - suami boleh masuk teman isteri Hospital Sultan Abdul Halim - suami boleh masuk teman isteri Hospital Kulim - suami boleh masuk teman isteri Hospital Langkawi - suami boleh masuk teman isteri Hospital Baling Hospital Sik Hospital Yan Hospital Jitra Hospital Kuala Nerang 3. Pulau Pinang Hospital Pulau Pinang - suami boleh masuk teman isteri Hospital Seberang Jaya Hospital Bukit Mertajam - suami boleh masuk teman isteri Hospital Kepala Batas Hospital Sungai Bakap Hospital Balik Pulau 4. Perak Hospital Raja Permaisuri Bainun, Ipoh - suami boleh masuk teman isteri Hospital Taiping Hospital Teluk Intan - suami boleh masuk teman isteri Hospital Seri Manjung Hospital Slim River - suami boleh masuk teman isteri saat bayi mahu keluar sahaja Hospital Batu Gajah Hospital Kuala Kangsar Hospital Tapah Hospital Parit Buntar Hospital Kampar Hospital Sungai Siput Hospital Selama Hospital Gerik Hospital Changkat Melintang 5. Selangor Hospital Tengku Ampuan Rahimah, Klang Hospital Selayang - suami boleh masuk teman isteri Hospital Serdang - suami boleh masuk teman isteri Hospital Kajang Hospital Banting Hospital Ampang - suami boleh masuk teman isteri Hospital Kuala Kubu Baru Hospital Tanjung Karang Hospital Tengku Ampuan Jemaah, Sabak Bernam Hospital Sungai Buloh - suami boleh masuk teman isteri 6. Wilayah Persekutuan Kuala Lumpur Hospital Kuala Lumpur - suami boleh masuk teman isteri 7. Wilayah Persekutuan Putrajaya ￼ Hospital Putrajaya - suami boleh masuk teman isteri 8. Wilayah Persekutuan Labuan Hospital Labuan 9. Negeri Sembilan Hospital Tuanku Jaafar - suami boleh masuk teman isteri Hospital Tuanku Ampuan Najihah - suami boleh masuk teman isteri Hospital Tampin Hospital Port Dickson - suami boleh masuk teman isteri, kena isi borang dulu Hospital Jelebu - suami boleh masuk teman isteri Hospital Jempol 10. Melaka Hospital Melaka - suami boleh masuk teman isteri Hospital Alor Gajah Hospital Jasin 11. Johor Hospital Sultanah Aminah Johor Bahru - suami boleh masuk teman isteri Hospital Sultanah Fatimah, Muar - suami boleh masuk teman isteri Hospital Batu Pahat - suami boleh masuk teman isteri, kena pergi kursus dahulu Hospital Kluang - suami boleh masuk teman isteri Hospital Segamat - suami boleh masuk teman isteri Hospital Kota Tinggi Hospital Pontian Hospital Temenggong Ibrahim, Kulai jaya Hospital Tangkak Hospital Mersing - suami boleh masuk teman isteri Hospital Sultan Ismail, Johor Bahru - suami boleh masuk teman isteri 12. Pahang Hospital Tengku Ampuan Afzan, Kuantan - suami boleh masuk teman isteri Hospital Sultan Haji Ahmad Shah, Temerloh - suami boleh masuk teman isteri Hospital Kuala Lipis - suami boleh masuk teman isteri Hospital Bentong Hospital Sultanah Hajjah Kalsom, Cameron Highlands Hospital Raub Hospital Jerantut Hospital Jengka Hospital Muadzam Shah Hospital Pekan 13. Terengganu Hospital Sultanah Nur Zahirah, Kuala Terengganu - suami boleh masuk teman isteri Hospital Kemaman Hospital Dungun Hospital Besut Hospital Hulu Terengganu Hospital Setiu 14. Kelantan Hospital Raja Perempuan Zainab II, Kota Bahru - suami boleh masuk teman isteri Hospital Kuala Krai Hospital Pasir Mas Hospital Tanah Merah Hospital Tumpat Hospital Tengku Anis, Pasir Puteh - suami boleh masuk teman isteri Hospital Machang Hospital Gua Musang Hospital Jeli 15. Sarawak Hospital Umum Sarawak, Kuching - suami boleh masuk teman isteri Hospital Sibu - suami boleh masuk teman isteri Hospital Miri Hospital Bintulu - suami boleh masuk teman isteri Hospital Kapit Hospital Sarikei Hospital Sri Aman Hospital Saratok Hospital Kanowit Hospital Limbang Hospital Serian Hospital Daro Hospital Betong Hospital Bau Hospital Mukah Hospital Simunjan Hospital Marudi Hospital Lundu Hospital Lawas 16. Sabah Hospital Wanita & Kanak-Kanak Sabah (Likas) - suami boleh masuk teman isteri Hospital Duchess of Kent Hospital Tawau Hospital Keningau Hospital Lahad Datu Hospital Beaufort Hospital Kudat Hospital Kota Belud Hospital Sipitang Hospital Tenom Hospital Ranau Hospital Papar Hospital Kinabatangan Hospital Kota Marudu Hospital Semporna Hospital Beluran Hospital Tambunan Hospital Kunak Hospital Pitas Hospital Kuala Penyu ￼￼￼ Senarai Hospital Rakan Suami Di Bawah Kementerian Pengajian Tinggi Malaysia Hospital Universiti Sains Malaysia, Kelantan - suami boleh masuk teman isteri Pusat Perubatan Universiti Malaya (PPUM / UMMC) - sudah dimansuhkan.",,
svm,9,"Sukan semasa sesi persekolahan Aktiviti kokurikulum bersemuka Sebarang bentuk perhimpunan sekolah Sebarang bentuk majlis atau program yang mengumpulkan lebih daripada 10 orang Menurut garis panduan yang di keluarkan, sekiranya sekolah dibuka kelak sesi persekolahan hanya bagi kelas peperiksaan sahaja (SPM, SVM, STPM dan STAM).",,
egcg,9,Kandungan antioksidan EGCG dan L-theanine dalam matcha juga lebih concentrated.,,
oap,9,"DAY 3 : ( COVER KYOTO ) using KTP 3 days 1.Kyoto Tower (Syinimamiya Station to Kyoto Station ) 2.Arashiyama Bamboo Grove (By bus free using KTP) 3.Starbuck Tatami 4.Lunch di Curry Club Ruu ( sebelahan starbuck tatami ) 5.Nishiki Market (Kawaramachi Station) 6.Gion (Gion-Shijo Station) 7.Fushimi-Inari Taisya (Fushimi-inari Station) DAY 4 : ( Cover OSAKA ) using OAP 1 day 1.Osaka Castle Museum (turun Osaka business Park Station) 2.Osaka Museum of Housing living (Tenjinbashisuji 6-chome Station) 3.HEP5 Ferris Wheel (Umeda Station) 4.Umeda Floating Obersavatory Umeda Sky Building ( jalan kaki 10 minit dari Umeda Station ) 5.Santa Maria Cruise ( Osakako Station ) 6.Universal Studio Japan ( naik boat captain line), bergambar depan Globe USJ & Hard Rock Cafe Osaka 7.Tempozan Ferris Wheel ( naik waktu malam memang lawa bak ang view dia ) 8.Kaiyukan Aquarium ( bergambar je sebab memang lawa giler dengan gemerlapan lampu warna warna di situ ) 9.Cruise Dontonbori DAY 5 ( santai dan shooping ) : Explore area Ebisucho.",,
punb,9,min nak kongsikan senarai produk-produk dan perkhidmatan daripada Rakan Usahawan PUNB yang wajib anda cuba.,,
wiyo,9,Wiyo Malaysia buat tawaran harga istimewa!,,
eira,9,Adeline Tsen dan Eira Syazira turut rekomen untuk guna Doropu Introducing NEW shinebright application - Doropu [email protected] ?,,
mgtt,9,Foto kredit: homeremediesforthrushinadults.com Ujian Ketahanan Glukosa Ujian ketahanan glukosa atau MGTT (Modified Glucose Tolerance Test) atau minum air gula semasa hamil adalah satu prosedur untuk mengesan diabetes gestasi yang boleh dihidapi oleh wanita mengandung.,,
jia,9,"Ahli KidZania CongreZZ Alysha Chin Jia Qi, 11, dari SK Taman Megah membuat demonstrati tentang Augmented Reality Jangan lepaskan peluang yang mengujakan ini di Program KidZ & Tech KidZania Kuala Lumpur (28 Mei hingga 12 Jun) - untuk masa terhad, diskaun istimewa bagi tiket biasa turut disediakan, oleh itu layari www.kidzania.com.my untuk maklumat lanjut!",,
ziff,9,"Media Prima Digital, satu daripada syarikat media digital terkemuka di Asia Tenggara, hari ini mengumumkan kerjasama dengan syarikat media digital global Ziff Davis, yang merupakan sebahagian dari J2 Global, untuk mengendali operasi IGN Southeast Asia (sea.",,
شـ,9,,,
hir,9,,,
aceh,9,"Pelajar Perubatan tahun keempat dari Kolej Universiti Sains Perubatan Cyberjaya (CUCMS) telah menganjurkan program amal yang dinamakan Program Kesedaran Perubatan Holistik CUCMS-Acheh 2016 (CHARMS) di Banda Aceh, Indonesia yang berlangsung pada 26 hingga 30 Julai 2016. Program ini bertujuan untuk membentuk dan meningkatkan kemahiran pelajar dalam bidang seperti komunikasi, klinikal dan pengurusan.",,
sayf,9,"Menerusi posting seorang ibu bernama Adawiyah, anak lelakinya bernama Sayf Mecca itu mengambil keputusan untuk menjual koleksi mainannya kerana berpunca daripada maskot Mickey Mouse di McDonalds.",,
nips,9,"Resipi Biskut Nestum Rangup Dengan Madu, Cip Coklat & Almond Bahan A 250g butter / marjerin 1/2 cawan gula perang halus 1 penutup esen vanila 2 sudu besar madu Bahan B 1 sudu kecil baking powder 1/2 sudu kecil soda bikarbonat 1 sudu besar tepung beras 1 sudu besar tepung jagung Bahan C 1 1/2 cawan tepung gandum Bahan D 2 sudu besar susu tepung Bahan E 1/2 cawan nestum 1/2 cawan cip coklat 1/2 cawan almond nips / strip Cara-cara 1. Gaul Bahan Mula-mula gaul rata bahan A. Nak senang saya gunakan whisk, kalau tak ada guna senduk biasa pun boleh.",,
vii,8,"Sementara itu, pada masa sama, berkuat kuasa mulai 1 Januari 2020, tarif untuk abstraksi, mengambil air mentah dari mana-mana aliran, sungai, menyedut air atau sumber bawah tanah sebagaimana yang dinyatakan dalam Bahagian VII Jadual Keempat Bekalan Air Peraturan 1995 akan dinaikkan daripada kadar semasa 1 sen satu meter padu kepada 2.5 sen bagi setiap meter padu.",,
laws,8,"Terima kasih dari kami anak2 mak & ayah : 1) Anas bin Fauzi Bachelor of Laws, 2002 2) Maryam bt Fauzi Bachelor of Laws, 2003 Master in Comparative Laws, 2004 3) Asiah bt Fauzi Bachelor of Human Science, 2004 Master in Human Science (Psychology), 2012 4) Sumayyah bt Fauzi Bachelor of Laws, 2005 Master in Comparative Laws, 2009 5) Fatimah bt Fauzi Bachelor Bio Chemical - Bio Technology Engineering, 2009 6) Muadz bin Fauzi Bachelor of Information Technology, 2009 7) Aishah bt Fauzi Bachelor of Laws, 2012 Bachelor of Laws (Shari'ah), 2013 8)Asma' bt Fauzi Al-Hafizah Bachelor of Mathematical Science, 2011 9) Dr Abdul Rahman bin Fauzi Al-Hafiz Bachelor of Dentistry, 2015 10) Dr Abdullah bin Fauzi Al-Hafiz Bachelor of Medicine & Surgery, 2018 SIAPA MAK AYAH DI MATA KAMI?",,
qs,8,Penjelasan ini juga telah diringkaskan dalam salah satu ayat iaitu QS.,,
cth,8,Cth : COP NAMA.,,
ext,8,Breastfeeding Support Group Tel: 03-4270 2500; ext.,,
café,8,"Menurut laman web hotel, harga untuk 2 orang dewasa setiap malam, satu bilik ialah RM2320, dan pakej termasuk sarapan pagi setiap hari, minum petang di Barbie™ Café, satu hadiah kejutan setiap penginapan, tempat letak kenderaan percuma dan WiFi.",,
wars,8,"11street membantu anak mengumpul apa saja hobi, termasuklah item unik daripada Star Wars, Gundam, atau Drones.",,
xpax,8,"Memperkenalkan Celcom Xpax's Reload Savings untuk Magic SIM Pada karnival ulang tahun pertamanya, 11street turut mengumumkan kerjasama dengan XPax, jenama unggul prabayar untuk belia di bawah Celcom Axiata Berhad dengan melancarkan 10% Penjimatan Pra-bayar Ekslusif Sepanjang Tahun untuk Magic SIM sebagai sebahagian daripada Shocking Deals, di mana pelanggan baharu Magic SIM boleh menikmati lebih banyak kredit dengan Shocking Deals yang mengujakan ini.",,
fc,8,"Abbott tampil mempromosikan nilai dalam sukan bagi menyokong tumbesaran kanak-kanak di seluruh dunia Abbott sebagai Rakan Kongsi Rasmi Kesihatan Nutrisi Real Madrid FC tampil dalam mempromosikan nilai yang wujud dalam sukan seperti mendidik, menyokong, memupuk dan membangunkan kanak-kanak dan remaja di seluruh dunia.",,
sjr,8,Polis bantu sambut bayi dilahirkan di SJR Kuching-Samarahan Expressway KOTA SAMARAHAN: Dua anggota polis wanita yang bertugas di Sekatan Jalan Raya (SJR) di Jalan Kuching-Samarahan Expressway membantu menyambut seorang bayi perempuan yang baharu dilahirkan malam Khamis.,,
tm,8,Peraduan ini adalah hasil inisiatif dan tajaan: GoTrec TM - Malaysia Distributor Ototech Sdn Bhd. Otonavi Car Entertainment merupakan website rasmi bagi Ototech Sdn Bhd. Untuk join contest ni anda kena klik link dibawah tau.,,
aish,8,Aish!,,
viu,8,"Anda akan dapat akses kepada: RM49.90 : semua saluran premium dan 6 aplikasi penstriman (unifi PlayTV, Disney+ Hotstar, beIN SPORTS CONNECT, SPOTV NOW, BBC Player, Lionsgate Play) RM59.90 : semua saluran premium dan 8 aplikasi penstriman (unifi PlayTV, Disney+ Hotstar, beIN SPORTS CONNECT, SPOTV NOW, BBC Player, Lionsgate Play, Viu, iQIYI) Pengguna unifi Home dapat nikmati banyak tawaran kandungan TV yang lebih menarik!",,
pe,8,Tak tahu uli tak pe kita buat je pizza roti macam ni.,,
phat,8,"Mari bertemu dengan Phat Fabes dan Melissa Th'ng yang akan mengadakan parti yang dipenuhi dengan gelak ketawa sambal diiringi band Pop Punk Malaysia terkenal, An Honest Mistake yang akan menggegarkan pentas!",,
ayra,8,"2) MANDIKAN ANAK www.rd.com Untuk baby macam Ayra (5months), aku try cara ni dan sangat sangat la berkesan.",,
momi,8,Mereka bakal bersaing semula dengan peserta-peserta yang tersingkir di peringkat top 12. Antara yang telah sempurnakan tugasan mereka View this post on Instagram Macam mana Momi shopping dekat Watsons?,,
np,8,1.LANGKAWI CABLE CAR NP : RM43 (Adult) RM 33 (Child) Prom : RM38 (Adult) RM32 (Child) Link https://shp.,,
zie,8,ailoredfitness12.wordpress.com Bagi membantu mak-mak yang tension ni zie nak share 7 Petua Bahan Semulajadi yang boleh menambah selera makan anak 1. ANGGUR http://www.perennia.,,
عن,8,"Kata beliau: جعل اللباس كناية عن الزوج لكونه ستراً لنفسه ولزوجه أن يظهر منهما سوء ""Dijadikan pakaian itu sebagai satu perumpamaan di dalam al-Quran bagi seorang suami adalah kerana suami akan menjadi pelindung buat dirinya dan isterinya daripada terdedahnya keburukan mereka berdua"".",,
irc,8,"Lokasi :District 21, AT 6, Level 1, IOI City Mall, Lebuh IRC, IOI Resort City, 62502 Putrajaya Waktu beroperasi : Isnin - Jumaat (12.00pm - 8.00pm) | Sabtu, Ahad, Cuti Umum,Cuti Sekolah (10.00am - 8.00pm) Harga kemasukan : Isnin - Jumaat RM58/pax | Sabtu, Ahad, Cuti Umum,Cuti Sekolah RM75/pax 2. Taman Burung Kuala Lumpur http://suriatravel2u.com/ Bagi anda yang bukan penggemar kepada aktiviti lasak pula, memang sesuai sangatlah untuk membawa seisi keluarga berkunjung ke Taman Burung Kuala Lumpur.",,
alaa,8,"Alaa chill lah, minum bobba tea yang manis tu pun korang selamba jeee hirup, takkan minum air gula yg ni pun takboleh kann ?",,
ju,8,"Di sekolah barunya, dua jejaka paling 'handsome' di sekolah masing-masing berebut untuk memenangi hati Ju Kyung.",,
kmc,8,Saya berada di KMC bersama Anell dan umi menjaga Ajim dan Along di rumah.,,
bnm,8,Bawa duit tu ke BNM.,,
umno,8,Adik-beradik ini juga diziarahi Ustaz Ebit Lew dan Ketua Wanita Umno Bahagian Inderamahkota serta rombongannya yang hadir meninjau keadaan mereka yang kini tinggal bersama neneknya.,,
pods,8,"Lepas tu, ada laluan Sakura, bbq & community kitchen, co-working pods, community farm, Parkland adventure playground, taman permainan kanak-kanak dan banyak lagilah kemudahan lain.",,
apm,8,"- APM Beri 'Abang Viva' Sijil Adiwira Prihatin Musibah PEMUDA INDIA DAPAT PUJIAN BANTU WANITA MELAYU BERSALIN Menurut hantaran yang dimuat naik oleh LK Savantharaja, ketika berada di Batu Caves pada pagi semalam untuk menyambut Thaipusam, mereka dikejutkan dengan bunyi wanita melayu meminta pertolongan dan kereta tersebut berada di luar kuil.",,
adn,8,,,
آم,8,,,
pr,8,"pr 2. Vaksin JE Diwajibkan Di Sarawak Jika anda tinggal di Sarawak, anda akan perasan bahawa vaksin ini disenaraikan dalam Jadual Imunisasi Program Imunisasi Kebangsaan.",,
كل,8,"Kerana agama kata jangan, maka ini juga suatu ketaatan kepada arahan agama.2. Apabila al-Dahhak ditanya tentang perkara ini, beliau menjawab : نعم ، كل من تقبل الله عمله سيعطيه نصيبه من ليلة القدر ""Ya, setiap orang yang Allah terima amalannya maka Allah akan berikan bahagiannya (ganjaran) dari malam al-Qadr."" 3. Amalan yang boleh dilakukan oleh wanita haid termasuklah : - Banyak berdoa - Berzikir - Bersedekah - Menuntut ilmu Ini semua amalan yang menjemput kepada kebaikan yang sangat banyak pada malam al-Qadr. 4- Jangan bersedih hati jika haid, kerana sebenarnya kita sedang dalam ketaatan kepada Allah dan Rasul.",,
ohhh,8,Ohhh ini biskut.,,
onn,8,"Dr Liew Fah Onn, Pakar Perunding Obstetrik dan Ginekologi dari Hospital Assunta yang juga bekas presiden Persatuan Menopos Malaysia berkata, ""Memandangkan terdapat jangkitan yang boleh dihapuskan dan pertumbuhan tidak normal bakteria yang berkaitan dengan keadaan yang lebih serius[9], BETADINE® Daily Feminine Wash dapat mengekalkan persekitaran yang sihat untuk merangsang pertumbuhan bakteria baik dan menyediakan perlindungan untuk menentang ketidakselesaan bahagian intimasi menerusi kebaikan tiga bahan semulajadi tersebut yang dicipta secara unik dalam formulasi Tri-Care™[10]"".",,
الق,8,,,
izz,8,"Riwayat Al-Tirmizi (807) Bahkan kata Imam Izzuddin Al Izz bin Abd al-Salam dalam menjelaskan fadhilat memberi makan kepada orang yang berpuasa: ''Sesiapa yang memberi makan kepada 36 orang yang berpuasa dalam sepanjang tahun, maka dia akan mendapat pahala berpuasa selama setahun''.",,
jkn,8,"3. SEKOLAHKAN Bincang dengan doktor dan cikgu tentang penempatan sekolah (akan ditentukan oleh JKN setelah borang diserahkan) iaitu sama ada kekal aliran perdana, aliran khas integrasi atau pusat dalam komuniti.",,
sbp,8,KENAPA TAK MASUKKAN ANAK KE SBP?,,
choo,8,"bagi anak anak kecil kita boleh buat bunyi kapal terbang ke, choo choo train ke, kereta ke waktu nak menyuap.",,
pwp,8,"Paling syok, anda juga boleh nikmati promosi PWP (Purchase With Purchase).",,
ولا,8,"Ini berdasarkan sabda Nabi SAW: ليس المؤمن بالطعان, ولا اللعان, ولا الفاحش, ولا البذيء Maksudnya: Seseorang yang beriman itu bukanlah daripada golongan yang suka mengaibkan orang lain, bukan daripada golongan yang melaknat orang lain, bukan daripada golongan yang suka mencarut, dan bukan juga daripada golongan yang suka yang suka berkata-kata keji dan buruk.",,
vco,8,Saya just sapu vco dan bagi dia minum vco.,,
آء,8,,,
akhi,8,"SARAN HANTAR ANAK SEKOLAH ASRAMA PENUH LEPAS 16 TAHUN, ELAK SEX GROOMING Menurut laporan dari Merdeka Times, Penulis Ebook Pendidikan Seksualiti Kanak-kanak, Akhi Fairuz Al-Jengkawi berkata majoriti pelajar berkeinginan terlibat dengan budaya berpasangan, homoseksual adalah ketika berusia 13 dan 14 tahun di mana mereka baru melepasi fasa akil baligh atau sedang melalui fasa itu.",,
uum,8,"Sumber infografik: PERKIM UUM Seusai hujan reda pula, panjatkanlah rasa syukur kerana hujan itu menurunkan rahmat.",,
ro,8,"ro 2. Bawang merah Saintis di Hong Kong mendapati bawang merah boleh membuang kolesterol yang jahat dan meningkatkan kolesterol yang baik Amalkan: Masukkan bawang merah, halia dan bawang putih dalam menu diet.",,
klfw,8,Tak dilupakan juga rakan media yang turut serta memberikan sokongan kepada KLFW 2017. Best sangat malam tu!,,
vit,8,'SAY NO TO VIT C INJECTION' www.healthnutnews.com JANGAN AMBIL SUNTIKAN VIT C - sangat merbahaya untuk kesihatan.,,
ipts,8,"Keutamaan kepada pelajar baru darjah 1, tingkatan 1 dan pelajar yang sambung belajar ke IPTA/ IPTS.",,
xomo,8,"Sempena Krismas, mereka adakan XOMO Deals khas buat anda.",,
chu,8,"Antara produk yang ada ialah: 2 x Hermazing Beauty Blender 1 x Maybelline 24K Nudes Palette 1 x NYX Professional Makeup Soft Matte Lip Cream* 1 x 8B Pro Stippling Brush 1 x Benton Snail Bee High Content Essence 60ml 1 x Heimish Refresh Water 85ml 1 x Bioderma Hydrabio H20 20ml 1 x Bioderma Sensibio H20 20ml 1 x Hanaka Chu Chu Lip Scrub 15ml* The Face Shop Raspberry Roots Sleeping Mask 100ml *Dipilih secara rawak FREE: Soonsoo Star Foundation SPF50 + / PA +++ [# 23 Natural Skin] Banyak betul produk kecantikan dalam Beauty Box, sangat gorgeous!",,
buds,8,"At least sampai 6mths pakai kalau kulit baby okay dah boleh tukar yang murah sikit 13. Baby Hair & Body Oil - Tropika Lavender Oil 14. Nappy Cream - Bephanten/Sudocream/Drapolene 15. Minyak Telon - Bebiku Telon Oil - Minyak Yuyee/Bayini Mestika boleh pakai after 3 months sebab panas sikit untuk newborn 16. Chest Rub - Euky Bearub/Tropika Herbal Cream 17. Baby Grooming Set - Nail clipper, hair comb, thermometer, silicone finger toothbrush 18. Nasal Aspirator 19. Repellent Patch 20. Cotton Ball & Cotton Buds 21. Hooded Towel - 3pcs 22. Face Cloths - 5pcs 23. Baby Cot & Baby Nest 24. Mosquito Net 25. Stroller/Car Seat/Baby Carrier - Boleh beli salah 1 dulu.",,
hsb,8,Azreen Farina dibawa ke HSB untuk rawatan lanjut.,,
apj,8,Kes disiasat mengikut Seksyen 41 Akta Pengangkutan Jalan APJ 1987.,,
ayda,8,"Dibintangi oleh pelakon-pelakon berkelas seperti Ayda Hebat, Fyna Jebat, Didie Alias, Faizal Hussein, Nabil Mahir, Shaida Ali dan Meow, aksi mereka dalam iklan raya kali ini cukup mencuit hati dan menghiburkan.",,
meow,8,"Dibintangi oleh pelakon-pelakon berkelas seperti Ayda Hebat, Fyna Jebat, Didie Alias, Faizal Hussein, Nabil Mahir, Shaida Ali dan Meow, aksi mereka dalam iklan raya kali ini cukup mencuit hati dan menghiburkan.",,
wfh,8,"Pastikan cukup rehat, cukup tidur, jangan stress sangat, kalau bos suruh masuk meeting WFH bertubi-tubi, tegur dia sikit.",,
nia,8,"Seorang kanak-kanak perempuan berusia 2 tahun, Nia Adreana atau lebih mesra dipanggil Baby Puteh, meninggal dunia selepas 4 hari menerima rawatan akibat tidak sedarkan diri kerana tercekik roti di rumah pengasuh di pangsapuri di Selayang, Gombak pada 1 Julai lalu.",,
zura,8,"Bahan-bahan 750ml unsalted butter (3 cawan) 250ml tepung jagung (1 cawan) 125ml tepung attar (1/2 cawan) susu ibu atau susu formula secukupnya *Untuk sukatan cawan, Zura refer kepada penyukat jenis di bawah ini.",,
mb,8,"Saiznya tak besar mana pun, dalam 200 MB sahaja.",,
ﷻ,8,"Firman Allah ﷻ: ثُمَّ خَلَقْنَا النُّطْفَةَ عَلَقَةً فَخَلَقْنَا الْعَلَقَةَ مُضْغَةً فَخَلَقْنَا الْمُضْغَةَ عِظَامًا فَكَسَوْنَا الْعِظَامَ لَحْمًا ثُمَّ أَنشَأْنَاهُ خَلْقًا آخَرَ ۚ فَتَبَارَكَ اللَّهُ أَحْسَنُ الْخَالِقِينَ Maksudnya: ""Kemudian Kami ciptakan air benih itu menjadi sebuku darah beku.",,
bhgn,8,"kalau masuk dlm clinic dr.fauziah ni, mmg byk juga buku-buku agama yg diletakkan di bhgn menunggu tu.",,
op,8,"Aku jakun sekejap sebab baru tahu wujub benda ni, kalau mu tahu doh diam la op, sebab yang aku kata ni ""aku ni yang baru tahu bukan mu"" jadi aku share laa yang mana sama macam aku yang baru tahu.",,
وت,8,,,
tg,8,Apa yang saya buat ialah hasil dari perkongsian: 1) Al-Marhum TG Dato Haron Din (saya tgk depan mata) .,,
mpb,8,"Di samping menyampaikan laporan berita yang bermakna semasa krisis, MPB turut melancarkan kempen derma Tabung Bantuan Kemanusiaan Covid-19 pada bulan Mac untuk membeli peralatan perubatan yang amat diperlukan oleh hospital-hospital kerajaan yang terpilih di seluruh negara.",,
tsao,8,"Biro Pelancongan Taiwan Kuala Lumpur (Taiwan Tourism Bureau Kuala Lumpur, TTBKL) menganjurkan Pameran Pelancongan Taiwan buat kali pertamanya di Malaysia, bertemakan ""Masa untuk Menikmati Kehidupan"" yang akan diadakan di Pusat Membeli-belah 1 Utama, di mana orang ramai boleh mendapatkan tawaran yang terbaik untuk perlancongan ke Taiwan menerusi pameran ini yang diadakan dari 25 hingga 29 Mac 2015. Pengarah TTBKL, Encik David Tsao berkata, ""Sepanjang 2 tahun saya berada di Malaysia, saya juga mendapati warga Malaysia juga memberi penekanan terhadap jalinan silaturahim keluarga seperti warga Taiwan.",,
btl,8,"1. Wallpaper Brick Wallpaper (Grade C) : 10meter RM20 Dibeli dari: BTL HOME DECO pvc wallpaper (GM Klang, Blok P3) Marble Wallpaper : 6meter Rm27 Dibeli dari : https://s.",,
aw,8,"Bacaan doa adalah seperti berikut : اللَّهُمَّ إِنِّى أَعُوذُ بِكَ أَنْ أَضِلَّ أَوْ أُضَلَّ أَوْ أَزِلَّ أَوْ أُزَلَّ أَوْ أَظْلِمَ أَوْ أُظْلَمَ أَوْ أَجْهَلَ أَوْ يُجْهَلَ عَلَىَّ Bacaan Rumi : Allahumma inni a-'udzu bika an adhilla aw udholla, aw azilla aw uzalla, aw azhlima aw uzhlama, aw ajhala aw yujhala 'alayya.",,
ﺎ,8,,,
يت,8,,,
zmf,8,"Usaha berterusan dengan ZMF bagi memberi inspirasi kepada kanak-kanak dan orang ramai Membawa ketawa dan kebahagiaan kepada kanak-kanak adalah satu keistimewaan, tetapi untuk memberi inspirasi adalah sebuah hadiah.",,
taqi,8,"Sambil melihat gambar-gambar dan ilustrasi di buku, saya menceritakan kepada Tuqo dan Taqi tentang sejarah dan maklumat berkaitan dengan tempat-tempat tersebut.",,
enco,8,"Berikut merupakan hadiah yang bakal dimenangi jika korang berbelanja di Watsons dengan GrabPay : 1 x Perodua Myvi 1.3G 5 x OPPO FindX3 Pro 5G 5 x OPPO Reno6 5G 5 x OPPO Reno7 5G 10 x OPPO A76 10 x OPPO Enco Air 2000 x e-baucar Watsons bernilai RM150 Lagi banyak anda buat pembayaran guna GrabPay, lagi tinggi peluang anda untuk menang hadiah wang tunai sehingga RM3,000,000. Mantap!",,
msig,8,"SENTIASA DILINDUNGI TIDAK KIRA DIMANA ANDA BERADA DENGAN HONG LEONG MSIG TAKAFUL TRAVEL PROTECTION Kini, anda dah tak perlu bimbang tentang semua tu kerana dengan Hong Leong MSIG Travel Protection, bukan sahaja anda akan dilindungi, malah anda akan menikmati pelbagai kebaikan daripadanya!",,
mspo,8,"MSPO berfungsi untuk mengawal selia kelestarian perindustrian minyak sawit tempatan, terutama sekali dalam hal penebangan hutan dan pemeliharaan flora serta fauna.",,
shui,8,Ada orang percaya dengan Feng Shui.,,
ipv,8,Foto Kredit: modernreaders.com 4. IPV / Polio Poliomyelitis atau Polio adalah penyakit virus yang seringkali menjangkiti kanak-kanak.,,
mpa,8,"MEMBANTU RAKYAT MALAYSIA YANG TERKESAN DISEBABKAN COVID-19 Menurut Ketua Pegawai Eksekutif MPA, Nazri Noran, beliau berkata Puan Sabrina telah berjaya menarik perhatian juri sepanjang menempuh pelbagai cabaran.",,
eun,8,"Drama ini juga mendapat pujian bagi lakonan dan chemistry mantap oleh pelakon hebat seperti Gong Yoo, Lee Dong Wook, Kim Go Eun dan Yoo In Na.",,
snoo,8,"5 Ciri Katil Bayi Terbaru Rekaan Ford, Max Motor Dreams Jika sebelum ini, sebuah katil, SNOO pernah direka untuk mewujudkan suasana seperti di alam rahim, katil bayi rekaan Ford ini pula cuba melahirkan rasa kedamaian dan keselesaan sebuah kereta untuk membantu bayi tidur lena.",,
ecv,8,ECV BANTU PUSINGKAN BAYI SONGSANG?,,
eau,8,"Terdapat 5 jenis perfume iaitu Parfum, Eau de Parfum, Eau de Toilette, Eau Fraiche dan Eau de Cologne.",,
tmc,8,"Ini merupakan senarai anugerah yang Malaysia berjaya menangi: International Hospital of The Year - Gleneagles Kuala Lumpur International Specialist Patient Centre of the Year: Institut Jantung Negara International Cosmetic Surgery Clinic of The Year - Beverly Wilshire Medical Centre International Fertility Clinic of the Year - TMC Fertility Centre Best Marketing Initiative - Gleneagles Kuala Lumpur Best Quality Initiative - Thomson Hospital Kota Damansara Highly Commended: Excellence in Customer Service - Gleneagles Kuala Lumpur Tapi yang paling membanggakan, apabila Malaysia dianugerahkan 2 anugerah utama IMTJ iaitu: Health and Medical Tourism: Cluster of the Year - Malaysia Healthcare Travel Council Highly Commended: Health and Medical Tourism: Destination of the Year - Malaysia Sebelum ini, Malaysia juga berjaya mendapat pengiktirafan daripada IMTJ sebagai Destination of The Year untuk tiga tahun berturut-turut 2015-2017. Mengapa Malaysia menjadi pilihan pesakit antarabangsa?",,
aiq,8,saya rendam 1 jam bihun tu ekut taste brand masing2 ye (jangan sesekali dok p rendam dgn aiq panas noo.,,
phet,8,"Susulan daripada itu, keretanya dibawa ke tapak pelupusan sampah di wilayah Kamphaeng Phet, Thailand.",,
lmp,8,Doktor mengambil kira hari LMP kerana hari tersebut merupakan termasuk dalam satu kitaran haid.,,
ø,8,"Rujukan Special task force launched to eradicate dengue and Zika at hotspot areas, Community, Metro, The Star Online, Jumaat 9 September 2016 http://tinyurl.com/jdm8f9l Senarai Pemenang Dengue Patrol 2016 Prize Primary School Secondary School Keseluruhan Ø Juara RM8,000 SK Merbau Sempak, Selangor SMK Puncak Alam, Selangor Ø Naib Juara RM4,000 SK Karamunting, Sabah SMK (L) Methodist, Pulau Pinang Ø Kedua Naib Juara RM2,000 SK Seksyen 7, Shah Alam, Selangor SMK Bandar Maharani, Johor Kategori Ø Khidmat Masyarakat RM1,000 SK Karamunting, Sabah SMK (L) Methodist, Pulau Pinang Ø Media Sosial RM1,000 SK Merbau Sempak, Selangor SMK Bandar Maharani, Johor Ø Seni Persembahan RM1,000 SK Merbau Sempak, Selangor SMK Puncak Alam, Selangor Ø Kuiz RM1,000 SK Bukit Jelutong, Selangor SMK Puncak Alam, Selangor Anugerah Khas Ø Negeri Terbaik RM1,500 Selangor Mengenai Sanofi Sanofi merupakan salah satu peneraju penjagaan kesihatan sedunia yang menemukan, mengembangkan dan mengedarkan penyelesaian terapeutik yang bertumpu kepada keperluan pesakit.",,
mbw,8,"Penganjuran MBW 2018 ini juga dijangka bakal menerima 100 000 peserta dari dalam dan luar negara seperti Singapura, Thailand, Brunei dan Indonesia.",,
hdu,8,"[/infobox] 1. Kos / Harga Bilik : Private Room : RM 195.00 Two-Bedded Room : RM 120.00 Four-Bedded Room : RM 85.00 Day Care (8am to 5pm) : RM 60.00 Isolation Room : RM 250.00 ICU / HDU Room : RM 350.00 Nursery Cot : RM 60.00 Labor Room : RM 150.00 (first 12 hours) 2. Harga / Kos Bersalin : Normal Delivery: RM4,000-RM6,000 C-Section: RM8,000-RM11,000 3. Pakej Bersalin : Tiada pakej bersalin ditawarkan di Hospital Columbia Asia Bukit Rimau 4. Bilangan Katil : Tiada info 5. Kemudahan, Servis dan Fasiliti : Perkhidmatan 24 jam Day surgery Nursery Paediatrics 6. Senarai Doktor Pakar : Obstetrics & Gynecology Dr. Rama Krishna Kumar Krishnamurthy Dr. Loo Suat Chin Dr. Ainul Zahaniah Binti Abd Aziz 7. Pengalaman bersalin di Columbia Asia Bukit Rimau Pengalaman bersalin di Hospital Columbia Asia Bukit Rimau tahun 2015 Puan Saidatul Syazril berkongsi pengalaman beliau ketika melahirkan anak di Hospital Columbia Asia Bukit Rimau 2.Nak tahu kos bersalin normal di Hospital Columbia Asia Bukit Rimau?",,
ccu,8,5. Special care area : a)NICU - consist of 20 beds - for ill babies needing ventilation/intensive care b)ICU / CCU - for ill cases needing intensive care and coronary care c)HDU - for step down care of ICU clients 6. Facilities available in all of the ward includes : a) Seminar room b) Visitor's lounge - is provided for client and relative 7. All the wards have 28 beds.,,
lond,8,,,
sdmc,8,"🙂 Psst: Btw, pengalaman bersalin dengan Dr. Delaila di SDMC masih yang terbaik.",,
fynn,7,5) Bakti Arjuna Fitri (Fynn Jamal & Tri Hadzir) Foto Kredit : Instagram Fynn Jamal Gelagat anak Fynn Jamal iaitu Bakti Arjuna Fitri atau lebih mesra dipanggil Juna yang kini menjangkau usia 5 tahun telah mencuri banyak hati para pengikut di Instagram Fynn Jamal.,,
pads,7,"NAH LIST UNTUK KORANG: Maternity pads Sebelum-sebelum ni pakai yang patern macam pad biasa kita datang bulan tu, tapi senang bocor guna yang style pants macam ini memang confirm tak bocor.",,
nr,7,Suka gila NR minyak Herbanika ini.,,
lcd,7,Wireless Digital LCD Audio Video Night Vision Baby Monitor Camera di Lazada Malaysia dengan harga RM152.46 atau iBaby Camera Monitor dengan harga RM729.28. 3. Penyepit Kuku Dengan Kanta Pembesar Ingat lagi tak pengalaman pertama kali memotong kuku bayi?,,
rnr,7,"Menurut sumber, ia adalah susulan kesesakan jalan raya musim Hari Raya Haji dan tempat solat di RnR yang penuh disebabkan SOP penjarakan sosial yang mengehadkan penggunaan surau kepada beberapa orang pengguna sahaja dalam satu-satu masa.",,
bao,7,3.Petronas - Bao Bei Setiap perca kain yang divisualkan di dalam iklan menunjukkan sikap setiap ahli keluarga.,,
aih,7,"Misalnya, aih?",,
edd,7,Jadi mulakan praktis 2-3 bulan sebelum EDD.,,
lets,7,Lets try it!,,
diah,7,"http://breastscancersymptoms.net/ Melalui perkongsian dari Puan Sri Diah Shaharuddin di dalam laman Facebooknya, beliau ada menasihatkan para wanita, kaum keluarga serta suami untuk menjaga emosi pesakit kanser ini.",,
pros,7,"www.facebook.com/pg/SomethingBorrowedNawal Since ramai yang msg tanya pros and cons bawa motorhome vs bawak kereta biasa, saya jawab based on pengalaman saya drive dua dua kereta ye.",,
cons,7,"www.facebook.com/pg/SomethingBorrowedNawal Since ramai yang msg tanya pros and cons bawa motorhome vs bawak kereta biasa, saya jawab based on pengalaman saya drive dua dua kereta ye.",,
sci,7,Invest Ophthalmol Vis Sci.,,
clin,7,Clin Pediatr (Philia).,,
nutr,7,"Br J Nutr (2013), 109, 1031-1039. Dietary arginine and linear growth: the Copenhagen school child intervention study 6) Van Summeren MJ et al.",,
bu,7,frmll Bu bidannya bikin trauma😭💔💔 #iufd #pejuanggarisdua ♬ happier than ever by billie eilish - rawan.,,
vvdi,7,"Untuk pakej ni, anda akan dapat hadiah percuma bernilai RM550. Antaranya ialah cermin CABANA, rak kaca CABANA, paip air CABANA, penyangkut tuala VVDI, bottle trap VVDI, angle valve VVDI, hand bidet with hose VVDI, floor trap VVDI dan pop up waste VVDI.",,
bhn,7,"> masukkan bhn tumbuk, serai, gula merah dan asam keping.",,
pubg,7,"Ayah main mobile legend, ibu candy crush, anak PUBG.",,
bmw,7,"Antara jenama terkenal yang akan tampil dengan pelbagai tawaran menarik disamping mempamerkan jentera terbaik mereka pada Drive: Auto Fair 2018 kali ini ialah BMW, Mazda, Isuzu, Honda, Perodua, Subaru, Nissan, Maxus dan banyak lagi.",,
azli,7,"5 LOKASI PERCUTIAN LUAR NEGARA PASCA PKP 1.HATYAI credit : Mohd Azli Abdul Malek via flickr.com Salah satu lokasi percutian luar negara yang mendapat perhatian selepas pasca PKP adalah Hatyai, Thailand.",,
lele,7,1. PECAL LELE Ini adalah antara menu yang selalunya dimakan di restoran luar sahaja.,,
jul,7,"#vivoMalaysia #vivoMY #NEX #AIPoweredFlagship A post shared by vivo Malaysia (@vivomalaysia) on Jul 21, 2018 at 9:54pm PDT Screen SoundCasting, kualiti bunyi lebih bagus Selalunya speaker pada smartphone ada lubang bukan?",,
ssp,7,Korang boleh baca details penuh kat page sspn i. (Bergantung pada budget korang) 5. Simpan melalui SSP Bsn Saya prefer simpan di sini berbanding simpan tabung warna di mana ianya lebih selamat dan tak mudah hilang duit tu dan juga boleh join contest SSP BSN tawarkan macam-macam.,,
eu,7,"Dengan kerjasama jenama-jenama terkemuka seperti Brands, Caring, Eu Yan Sang, Huawei, Nestle dan Watsons, pengguna 11street boleh menikmati diskaun sehingga 90% dan disediakan dengan pelbagai idea-idea hadiah dan produk berkaitan untuk Tahun Baru Cina.",,
er,7,"Seperti perkongsian kita pada hari ni, seorang pengguna laman twitter, Jiun Er turut berkongsi khasiat satu bahan masakan yang katanya telah lama diamalkan dan turun temurun daripada neneknya.",,
kyo,7,"Bukan itu sahaja, dia juga pernah berkahwin dengan Song Hye Kyo dan digelar 'Soong Soong Couple'.",,
fuad,7,"Team Haq dibarisi oleh lima pemainnya iaitu Muhammad Syafizan, Aiman Zairie Anuar, Poh Chun Wai, Aimin Zairie Anuar dan Mohamad Nilzaihan manakala Skuad Todak dibarisi Idreen Abdul Jamal, Wan Usman, Zikry Shamsuddin Muhammad Danial Mohamad Fuad dan Muhammad Qayyum Ariffin.",,
نت,7,,,
anaa,7,"Ada yang guna ethrel, ada yang guna Asetilena (Kalsium Karbaid), ada yang guna pil ANAA dan ada juga yang guna cecair NAA (Plafonix).",,
pis,7,"7 bahan asas yang mesti ada di rumah kalau darurat Pilihannya terpulang kepada anda: 1) Karbohidrat -Beras (nasi, tepung, bihun) -Gandum (bijirin, tepung, pasta dan mee) -Oat (steel cut, rolled) -Jagung (bijirin) 2) Kacang dan kekacang -Kacang (almond, hazel, gajus, macadamia, berangan, pistachio, kacang parang) -Kekacang (kacang tanah, pis, lentil, kacang hijau, kacang merah, dal, soya, asam jawa) 3) Susu dan hasilnya -Susu tepung (penuh krim, rendah lemak, kalsium tinggi) -Susu UHT (stabil pada suhu bilik) -Keju (keras: parmesan, cheddar, edam, gouda, provolone, gloucester, lembut: brie, haloumi, feta, roquefort) 4) Daging -Ikan (tin, kering, salai) -Ayam (tin, salai, serunding) -Lembu (tin, salai, serunding, jerky, sosej) -Kambing (tin, salai, serunding) -Arnab (salai, jerky, serunding) -Itik (tin, salai, serunding) -Sotong dan udang (tin, kering) 5) Lemak -Minyak sawit -Minyak kelapa -Minyak zaitun -Ghee -Marjerin -Mentega (tin) -Santan (serbuk, kotak) 6) Buah dan sayur -Cendawan (kering, tin) -Kobis (sauerkraut, kimchi) -Labu (segar, tin) -Keledek (segar, tin) -Kurma (kering, beku) -Kismis (kering) -Zaitun (tin) -Rumpai laut (nori) -Tomato (kering, tin) -Laici (tin) -Mata kucing (kering, tin) -Nenas (kering, tin) -Cranberries (kering, sejuk beku) 7) Rempah, perasa dan perisa -Gula (pasir, perang, kabung, melaka) -Garam (laut, bukit, beriodin) -Cuka (asli seperti epal, tebu, beras, atau buatan - asid) -Madu -Serbuk kari, kurma, opor, sup -Bunga lawang, cengkih, lada hitam, kulit kayu manis, buah pelaga, buah keras, buah pala, ketumbar, biji sawi -Kicap, sos tomato, sos cili, mayonis, wasabi, -Puri tomato 8. Comfort food Biskut, keropok, coklat, maggi pun simpan juga sebagai 'comfort food' di saat anda mahu menonton televisyen.",,
glc,7,"cc 6. Memperkasakan Penglibatan Wanita Dalam Syarikat Di samping itu, dalam usaha memperkasakan penglibatan wanita dalam sektor tenaga kerja, kerajaan mewajibkan 30% wanita dalam keahlian Lembaga Pengarah GLC dan GLIC serta Badan berkanun.",,
ll,7,Formulasi BARU Asid Hialuronik dengan Kolagen Jenis ll yang diperbuat daripada Mobilee® dan B2cool® adalah salah satu penyelesaian 'oral' baru daripada Kordel's untuk membantu melincirkan sendi yang haus bagi mereka yang menghidap Osteoarthritis - tanpa jarum dan betul-betul bebas kesakitan.,,
eeee,7,Eeee ngerinya!,,
koon,7,"Projek Pembangunan Mewah Pertama Selangor Properties Bhd Berucap ketika majlis pelancarannya, Chong Koon San, Ketua Pegawai Operasi SPB berkata, ""Dalam usaha kami yang berterusan untuk mencari kesempurnaan, tercetuslah AIRA Residence yang dibina berlandaskan visi kami untuk mencapai status pemaju premium.",,
po,7,"Suasana gaya hidup mewah diserlahkan lagi dengan sentuhan tiga pereka terkemuka dunia iaitu Piet Boon dari Studio Piet Boon untuk reka bentuk dalaman, Franklin Po dari Tierra Design untuk seni bina landskap; dan Alen Nikolovski dari Aedas untuk reka bentuk seni bina.",,
grup,7,"Alternatifnya, bagaimana kalau saya katakan, ada grup sokongan dan bimbingan di Malaysia yang boleh membantu anda merealisasikan impian untuk tinggal di rumah menjaga anak-anak sambil menjana wang?",,
teo,7,"Ibu Bapa Boleh Diambil Tindakan Undang-undang Jika Gagal Lengkapkan Persekolahan Timbalan Menteri Pendidikan, Teo Nie Ching berkata, ibubapa yang gagal menghantar anak ke sekolah mungkin berdepan denda sebanyak RM5,000 ataupun penjara selama 6 bulan.",,
qais,7,Abang Qais sendiri yang ajar Alisha.,,
sp,7,Ibu try call klinik pakar kanak2 dkt SP (C.P.Ooi) tapi tak angkat.,,
mybe,7,Mybe adik tak nak bagi ibu babah risau.,,
edu,7,"Konsultan Tangisan & Tidur Bayi, DBL Institute, THB Edu.",,
nego,7,Nak nego pun boleh.,,
axia,7,"Antara hadiah istimewa tersebut termasuk Perodua Axia, Motosikal, Cinema Home Soundbar, Basikal Gunung, Televisyen 40"", perkakas elektrik dan banyak lagi.",,
fii,7,"Lihat: al-Albani, as-Silsilah ash-Shahihah, 3/381. Muqbil B. Hadi al-Wadi'i, al-Jaami' ash-Shahih mimma Laisa fii Shahihain, 2/373-374. An-Nawawi turut memperakui kesahihannya dalam al-Majmu' Syarah al-Muhadzdzab, 6/312) Syaikh Muqbil B. Hadi al-Wadi'i rahimahullah meletakkan hadis ini dalam bab: ""Mendengar Azan Sementara Bekas (Minuman) Berada Di Tangan Maka Dibolehkan Untuk Minum Darinya"".",,
iugr,7,Bayi IUGR (IntraUterine Growth Restriction) biasanya lahir dengan berat badan yang kurang daripada normal dan memerlukan perhatian khusus daripada pihak hospital.,,
cbd,7,Dan duduk di sekitar Perth CBD iaitu city mereka.,,
jkr,7,"Lepas itu, sekali JKR datang buat pelebaran jalan baru tahu rumah kita itu masuk dalam rezab jalan (kisah benar).",,
npe,7,"Lebih menarik bila ianya terletak berdekat dengan 4 lebuh raya utama Kuala Lumpur iaitu, NPE, LDP, Federal Highway dan Highway KESAS.",,
ld,7,macam LD ni company tak sponsor bersalin.,,
jbpm,7,"Katanya, amalan JBPM sama seperti agensi lain iaitu mementingkan keselamatan terlebih dahulu sebelum melakukan tugas menyelamat bagi mengelakkan risiko pada diri sendiri mahupun rakan sepasukan.",,
chua,7,"Pengurus Besar Serba Wangi Sdn Bhd, Encik Chua Keng Jin menyifatkan kejayaan yang dikecapi Jati ni adalah hasil sokongan para pelanggan yang berada diseluruh negara.",,
mior,7,"Perasaan gementar, cemas, panik dan takut dirasai seorang suami, Shahril Nizam Mohd Sabrie apabila suami ini kongsi kisah ketika jadi bidan terjun bagi membantu isterinya, Siti Mariani Mior Hasan melahirkan cahaya mata ketiga mereka.",,
يض,7,,,
ca,7,"ca Sebenarnya kalau kita selalu cerita apa yang kita sedang lakukan, pergi ke mana, siapa itu ini, makanan apa yang anak sedang makan dan beritahu apa benda sekeliling anak, sangat mudah untuk anak belajar mengenali dan memahami arahan kita.",,
sian,7,"Penat ye sayang, sian anak mama.",,
eyka,7,"Diadaptasikan daripada novel karya Wan Nur Najihah di bawah penerbitan Global Station Sdn Bhd, sebuah drama gandingan dua pelakon hebat tanah air iaitu Aedy Ashraf dan Eyka Farhana.",,
uols,7,"-Kacau telur, masukkan air, kacau lagi dengan kelajuan angin membelah lautan sampai berbuih-buih telur uols.",,
وس,7,,,
khuf,7,Perbahasan wuduk lazim menyentuh isu menyapu khuf (stokin kulit) dan ia adalah diharuskan seperti mana warid dari hadith-hadith dan kitab-kitab fiqh.,,
htar,7,"Tepat pada 36 minggu, saya pergi 'check up' seperti biasa di HTAR.",,
bch,7,"Menyedari kesilapan itu, saya bersetuju untuk rujuk kembali dengan harapan suami Isteri Derita, 'Identiti pengirim terpaksa dilindungi untuk tujuan keselamatan' Solusi Dari Pakar [infobox]Persoalan pengadu ini telah dijawab oleh Dr. Ben Fadzil Mohd Salleh, PhD, BCH, CHt.",,
naya,7,Nanti dah naya diri sendiri pula terpaksa buka lipatan sebab nak 'check' baju lengan panjang ke pendek.,,
jie,7,"Biao shu, shu po, yi po, biao jie bayar kurang sikit.",,
hdpe,7,Kod 2: HIGH-DENSITY POLYETHYLENE (HDPE) - Biasanya Pada Botol Susu Dikenali sebagai HDPE.,,
لأ,7,,,
rpm,7,"Malahan, enjin DOHC jenis penyejuk cecair 150cc ni boleh menghambur kuasa maksimum 11.8KW pada 9,000 rpm dan tork maksimum 13.6 Nm pada 7,000 rpm.",,
ptpk,7,"Sementara itu, Mahfuz berkata, pihaknya menggesa lebih 300,000 peminjam PTPK membayar balik pinjaman membabitkan tunggakan lebih RM1.2 bilion sejak 2001. ""PTPK mengambil peluang mempromosikan pemberian insentif kepada peminjam yang membuat bayaran balik pinjaman latihan kemahiran melalui promosi bayar dan menang bernilai RM40,000. ""Promosi ini berlangsung selama tiga bulan bermula 1 Julai hingga 30 September depan di mana penyertaan terbuka kepada semua peminjam PTPK,"" katanya.",,
sugu,7,"Pavithra dan suami, M Sugu, 29 dikenali selepas video masakan yang dikongsi mereka menerusi saluran YouTube mereka yang diberi nama Sugu Pavithra mendapat perhatian dan pujian dari ramai pihak.",,
ayg,7,"Masa ni bincang dengan suami, ada baik biar ayg ke hospital.",,
bkkm,7,2.Persempelan makanan merupakan salah tugas utama yg dijalankan oleh BKKM di seluruh Pejabat Kesihatan Daerah bagi mempastikan semua makanan yg dijual dipasaran adalah selamat.,,
ren,7,Jom tengok perkongsian DIY menarik oleh Aen Ren ni.,,
kaur,7,"Bayi kembar lelaki ini dilahirkan di Hospital Raja Permaisuri Bainun (HRPB), Ipoh pada usia 33 minggu kandungan, dan dirujuk oleh Pakar Neonatologi HRPB, Dr. Maneet Kaur a/p Ranjuth Singh untuk rawatan lanjut di HTA.",,
أهل,7,"[10] Sheikh Muhammad Abdurrahman Al-Mubarakfuri menyebut : قَوْلُهُ (لَيْسَ مِنَّا) أَيْ من أهل طريقتنا ومراعي مُتَابَعَتَنَا (‌مَنْ ‌تَشَبَّهَ ‌بِغَيْرِنَا) أَيْ مِنْ غَيْرِ أهل ملتنا ""Sabda Nabi 'bukan dari kalangan kami' iaitu bukan dari golongan kami dan yang mengikut jalan kami.",,
scn,7,hari ke-4 Maryam dipindahkan ke wad scn.,,
weyh,7,Ramona Zamzam ni cun melecun weyh.,,
duan,7,Anda boleh cuba baca perkongsian dari Encik Duan Moslim di laman Facebook miliknya di mana beliau membawa keluarganya pergi bercuti ke Western Australia.,,
uni,7,UNI UNI dari Petronas ini telah mendapat sebanyak 3.6juta tontonan di laman Youtube.,,
df,7,"After a week rutin df dan pump, barulah susu yang menitik satu-satu tu nampak banyak sikit.",,
eos,7,"Jika anda ingin menikmati tawaran hebat yang kami sebut tadi, pilih salah satu kamera di bawah:- EOS M50 Kamera mirrorless Canon terbaharu dengan sensor imej 24.1 megapixel dan dilengkapi Wi-Fi ini sangat sesuai untuk anda yang baru menjinakkan diri dalam dunia fotografi dan menjadikannya sebagai hobi di masa lapang.",,
kpi,7,"tengkubidin Kalau nak menjadi sardin, KPI nya adalah sampai tulang ikan tu boleh dimakan.",,
aban,7,,,
ppc,7,Datuk Seri Ismail Sabri Yaakob sebelum ini ada mengumumkan Pakej Penjagaan COVID-19 (PPC) yang akan diberi kepada keluarga B40 sebagai persediaan ke arah era endemik COVID-19. Perdana menteri berkata bantuan PPC dengan peruntukan lebih RM471.6 juta berkenaan untuk meringankan beban kewangan perbelanjaan isi rumah B40 dan melatih diri norma baharu.,,
spp,7,"Dalam bahasa Inggeris ia dikenali sebagai water spinach, dan nama saintifiknya ialah Ipomoea spp.",,
har,7,"(L to R) CEO Beijing Xinlian Mobile Technology Julius See, Timbalan Ketua Pengarah Pelancongan Malaysia (Strategik & Domestik) Chong Yoke Har, Naib Presiden Alitrip Tony Duan, dan Pengarah Kanan Bahagian Promosi Antarabangsa Pelancongan Malaysia (Asia/Afrika) Datuk Musa Yusof pada Seminar Pavilion Malaysia.",,
fifa,7,Korang hanyalah umpama berjaya menang Champions League dlm FIFA pakai Barcelona dgn setting Beginner bro.,,
ajk,7,Selang kemudian terdengar ajk lain membuat pengumuman menyeru ahli keluarga En Man dari blok 45 turun ke surau dengan kadar segera dan kelihatan ambulan tiba di kawasan surau.,,
kmsj,7,METMALAYSIA KELUARKAN AMARAN LAUT BERGELORA Angin kencang barat berkelajuan 40-50 kmsj dengan ombak mencapai ketinggian sehingga 3.5 meter dijangka melanda kawasan tersebut.,,
ـر,7,,,
dedi,7,"Antara petikan daripada blognya adalah seperti berikut: ""dah memang rezeki anak no.2 ni kot, masa mula2 dedi wat registration kat bawah, diorang cakap single room sume penuh, tapi soon lepas momi delivered, ada patient discharged.",,
kook,7,"Running Man ialah rancangan realiti yang dibintangi oleh Yoo Jae Suk, Haha, Jee Seok Jin, Kim Jong Kook, Song Ji Hyo, Jeon So Min dan Yang Se Chan.",,
hjh,6,"Mari mengenali otak mengikut jantina daripada Pakar Kepimpinan Diri Keluarga & Organisasi, Dr. Hjh.",,
yaaa,6,Tunggu Anis compile dulu yaaa.,,
dv,6,"Baca juga: Sayur & Buah Paling Tinggi Racun, Guna Salah Satu Bahan Ini Untuk Cuci 10 SAYUR PALING BERKHASIAT INI MEMANG BAGUS KALAU AMALKAN 1. BAYAM 1 cawan (30 gram) bayam mentah membekalkan 16% daripada Nilai Harian (DV) untuk vitamin A ditambah 120% daripada DV untuk vitamin K. Bayam juga mempunyai antioksidan yang boleh membantu mengurangkan risiko penyakit.",,
jang,6,"10. Tell Me What You Saw Dengan barisan-barisan pelakon popular seperti Jang Hyuk dan Choi Soo Young (Girl's Generation), drama ""Tell Me What You Saw"" berjaya memenangi hati peminat k-drama dengan elemen plot twist.",,
gpu,6,"Dilengkapi dengan seni grafik CG6 Mali-G76 MC16 GPU pada Kirin 990 5G SoC, ia mampu memproses imej yang besar dengan penggunaan lebih rendah tetapi memberikan hasil grafik lebih baik.",,
mph,6,7. Pilih buku yang bagus Terlalu banyak buku kanak-kanak di kedai-kedai buku seperti MPH dan Kinokuniya.,,
au,6,"au Perancangan Allah Yang Lebih Hebat Sebenarnya, sebagai orang Islam, kita perlu percaya bahawa semua dugaan semasa bertunang yang datang ini adalah daripada Allah, sebagai ujian kepada hambaNya.",,
lait,6,"10. Lagi satu,sebab ramai yang berminat nak tau tentang Cafe au lait spot atau tanda lahir pada anak ni ada kaitankah dengan sawan.",,
mmol,6,,,
gods,6,"1. As The Gods Will (2014) Sejak Squid Game ditayangkan, heboh di sosial media mengatakan Squid Game telah meniru filem ini.",,
ip,6,"Turut menaja festival pemotoran yang bertemakan ""Riders for the Future"" adalah Kementerian Pelancongan Malaysia, Jabatan Keselamatan Jalan Raya Malaysia, DBKL, Polis DiRaja Malaysia, Skuad Muda JPJ Malaysia, MATIC, Radio IP Matic.",,
pao,6,"18. Resepi Fillet Fish Masak Kung Pao Bahan2 utk ikan:- Isi ikan(dipotong kiub) garam, lada putih dan tepung jagung, telur (digaul) pastu goreng hingga garing.",,
pmc,6,"Kalau walk-in, dapat harga klinik Klinik UMRA Shah Alam RM100 Klinik Mediviron Prima Gombak RM90 Klinik Pakar Wanita, Sungai Kapar Indah, Klang Detailed scan, 3D/4D, siap print +-RM150. Doktor juga sangat berpengalaman Hospital Razif Klang RM140 Lagi (tiada info harga): Klinik Aman shah alam DEMC PMC sg buloh Klinik Rozita banting Klinik marisa dengkil Klinik maria putrajaya Klinik fauziah ampang Poliklinik dr norliza tmn melawati Poliklinik hidayah kota damansara Klinik dr najwa bbbangi n putrajya Klinik bkt serdang bukit serdng Klinik setia alam setia alam Poliklinik dr nurzawati puncak alam Poliklinik an nisa shah alam u5 NR diagnostik shah alam An-nur bangi Pusat rawatan mesra seri kembangan Klinik medinur puchong Klinik sofea puchong Klinik fazilah sri gombak Klinik famili dr wan kamariah setiawangsa UTARA Hospital Pantai Puteri, Ipoh Klinik Pakar Sakit Puan Datin Dr Mimin Isnin - Jumaat, 9 pagi - 5 petang RM70 Klinik Marina Seberang Jaya RM85 Sekali dengan CD Komen: Full-checkup 4D, harga RM110 Hospital Pantai Mutiara Jumpa Dr Teh Mii Lii RM120 Siap CD + pic scan + susu Enfamama 4 pek percuma Putra Medical Centre Alor Star RM85 Siap CD dan gambar Klinik Doktor Tan Bukit Jambul, Penang RM100 PANTAI TIMUR Klinik Adilla Kota Bharu RM100 Klinik Nazri, Besut, Terengganu RM45 sekali dengan CD Klinik W.Y.Ko Jalan Beserah, Kuantan, Pahang 09-5667805 Scan 4D RM95 SELATAN Klinik Yuslina Pasir Gudang RM120 siap CD RM100 tanpa CD Poliklinik Wahidah MITC MELAKA Scan 3D/4D RM110 Pusat Rawatan An-Nur Batu Berendam, Melaka RM90 Ada CD Doktor perempuan Klinik Norbi Senai, Johor RM90 Siap CD dan gambar.",,
mitc,6,"Kalau walk-in, dapat harga klinik Klinik UMRA Shah Alam RM100 Klinik Mediviron Prima Gombak RM90 Klinik Pakar Wanita, Sungai Kapar Indah, Klang Detailed scan, 3D/4D, siap print +-RM150. Doktor juga sangat berpengalaman Hospital Razif Klang RM140 Lagi (tiada info harga): Klinik Aman shah alam DEMC PMC sg buloh Klinik Rozita banting Klinik marisa dengkil Klinik maria putrajaya Klinik fauziah ampang Poliklinik dr norliza tmn melawati Poliklinik hidayah kota damansara Klinik dr najwa bbbangi n putrajya Klinik bkt serdang bukit serdng Klinik setia alam setia alam Poliklinik dr nurzawati puncak alam Poliklinik an nisa shah alam u5 NR diagnostik shah alam An-nur bangi Pusat rawatan mesra seri kembangan Klinik medinur puchong Klinik sofea puchong Klinik fazilah sri gombak Klinik famili dr wan kamariah setiawangsa UTARA Hospital Pantai Puteri, Ipoh Klinik Pakar Sakit Puan Datin Dr Mimin Isnin - Jumaat, 9 pagi - 5 petang RM70 Klinik Marina Seberang Jaya RM85 Sekali dengan CD Komen: Full-checkup 4D, harga RM110 Hospital Pantai Mutiara Jumpa Dr Teh Mii Lii RM120 Siap CD + pic scan + susu Enfamama 4 pek percuma Putra Medical Centre Alor Star RM85 Siap CD dan gambar Klinik Doktor Tan Bukit Jambul, Penang RM100 PANTAI TIMUR Klinik Adilla Kota Bharu RM100 Klinik Nazri, Besut, Terengganu RM45 sekali dengan CD Klinik W.Y.Ko Jalan Beserah, Kuantan, Pahang 09-5667805 Scan 4D RM95 SELATAN Klinik Yuslina Pasir Gudang RM120 siap CD RM100 tanpa CD Poliklinik Wahidah MITC MELAKA Scan 3D/4D RM110 Pusat Rawatan An-Nur Batu Berendam, Melaka RM90 Ada CD Doktor perempuan Klinik Norbi Senai, Johor RM90 Siap CD dan gambar.",,
alia,6,"Pasukan Malaysia terdiri daripada lima pelajar iaitu Nur Alia Sofiah Binti Zainordin (16) sebagai kapten pasukan, Lidya Marlynda Binti Mahd Shah (15) sebagai duta pasukan, Muhammad Ammar Akhmal Bin Abd Wa'fa (15) sebagai pengaturcara, Khayra Binti Zokree (15) sebagai media editor, and Nor Khairiah binti Omar (15) sebagai ketua dokumentasi.",,
jeee,6,Saya senyum jeee.,,
pibg,6,Pilih sekolah yang mempunyai PIBG yang aktif dan prihatin akan keperluan para pelajar.,,
gune,6,"2. Puding Roti Kukus (dari 8bln++) www.facebook.com/groups 4 keping roti 1½ cawan susu formula 1 sudu besar unsalted butter 2 biji telur A sedikit puri buah (tak kisahlah buah apa, janji anak suka) sedikit kismis/kurma (dicincang) Cara-cara 1) Panaskan pengukus (sy gune elektrik lunch box jer).",,
sst,6,"Foto Kredit: 123rf.com Cadangan Mengecualikan SST Terhadap Pembelian Baby Car Seat Bagi membantu orang ramai memiliki kerusi keselamatan bayi, pihak kementerian juga telah mengemukakan cadangan kepada Kementerian Kewangan (MoF) agar tidak mengenakan Cukai Jualan dan Perkhidmatan (SST) supaya harganya lebih murah.",,
stnr,6,"Kanak-kanak yang mempunyai masalah pembelajaran, 75% daripadanya tidak matang sistem STNR - Symmetric Tonic Neck Reflex.",,
pkns,6,"3. PKNS SHAH ALAM Berada di lokasi yang menjadi tumpuan orang ramai luar dari Kuala Lumpur, anda boleh ke PKNS Shah Alam untuk membeli-belah.",,
ced,6,1. Puding Krim Tanpa Bakar dengan OREO Masa penyediaan: 5 minit Masa memasak: 30 minit Resipi untuk: 30 keping Bahan-bahan: 20g agar agar bertali 1200 mililiter (ml) air 20g gula batu 390ml susu sejat 250g susu pekat manis 280g Original OREO Cookies 1 sudu besar Madu CED Cara penyediaan: 1. Rendamkan agar-agar dalam air selama 30 minit.,,
sles,6,"Mega Sles, memberi peluang kepada semua untuk membeli brlah dengan harga yang luat biasa berpatutan, dari barangan buatan tempatan sehingga ke produk berjenama antarabangsa.",,
oppa,6,"Inilah yang dipanggil dengan gelaran 'Oppa' oleh gadis-gadis yang meminati filem dan Kdrama, kami senaraikan antara pilihan terbaik OPPA yang anda boleh tengok di TONTON CINEMA.",,
wook,6,5. Ji Chang Wook Kredit: Soompi.com Adakah anda tahu bahawa pelakon berbakat ini boleh bertutur dalam bahasa Mandarin?,,
daum,6,6. Coriander chicken Bahan-bahan: Serbuk paprika Jus limau nipis Lada hitam kisar Serbuk bawang putih Daum ketumbar segar Garam Perapkan dada ayam dengan bahan-bahan di atas.,,
hsnz,6,"Ketika saya bertugas di HSNZ, doctor pakar ada bagitahu kebanyakan kanak-kanak mendapat kanser leukemia menetap di kawasan berdekatan kawasan industri seperti kawasan PAKA.",,
kpk,6,"Seperti yang diwar-warkan oleh Kenyataan Akhbar KPK Kesihatan pada 29 Mac 2019 tempoh hari, pihak Berkuasa Kawalan Dadah (PBKD) telah menggantung pendaftaran bagi 7 produk dengan bahan aktif losartan yang digunakan untuk merawat darah tinggi bermula 7 Mac 2019. 7 produk yang dimaksudkan adalah: Losagen 50 Losagen 100 Losartas 50mg Tablets Losartas 100mg Tablets Tozaar Plus LS 50/12.5mg Tablet Tozaar 50mg Tablet Tozaar Tablet 100mg Syarikat yang terlibat juga telah diarahkan untuk memanggil balik produk-produk tersebut.",,
pbkd,6,,,
ae,6,"Sabar ae bro nanti pergi Decathlon beli teropong kita cuba lagi 🔭 #201days#SGxMY 🇲🇾🔁🇸🇬#18march20tillnow#YNWA Menerusi posting yang dimuat naik dalam laman Facebook Faiz, dia membuat panggilan video dari Wooddlands Waterfront Park di Singapura.",,
hsbc,6,"Buat pengguna HSBC, anda layak mendapat rebat RM200 sekiranya memilih pelan bayaran ansuran selama 12 dan 24 bulan menggunakan kad kredit HSBC.",,
vp,6,"Jika dia tak mampu padankan, ada risiko besar kemahiran VP ( Visual Perception ) anak lemah.",,
plt,6,"David Foo - Best Hygiene Plt Merupakan graduan ahli kimia dari UTM Skudai, David Foo, 39, yang berasal dari Melaka menceburi dunia perniagaan dalam menghasilkan produk pencuci berasaskan bahan kimia bersama ayahnya.",,
keng,6,Kalau nak rasa cendol terbaik di Pulau Pinang nin anda boleh berkunjung ke TeoChew Chendul yang terletak di Lebuh Keng Kwee.,,
porn,6,MACAM MANA NAK BLOCK PORN DI WIRELESS ROUTER APA ITU DNS?,,
kssr,6,Silibus KSSR Semakan 2017 sangat tinggi arasnya.,,
aniq,6,"Selain dari KilaFairy, muzik video ini juga dibintangi oleh barisan selebriti seperti Aniq Suhair, Sofea Shra, Jaja Iliyes dan Ainaa Azhari.",,
rdi,6,"FAKTA NUTRISI HIDANGAN 100GRAM BUAH NAGA Berikut adalah fakta nutrisi untuk hidangan 100 gram buah ini: Kalori: 61 Protein: 1.1 gram Lemak: 0 gram Karbohidrat: 15 gram Serat: 3 gram Vitamin C: 3% daripada RDI Besi: 4% daripada RDI Magnesium: 10% daripada RDI (RDI: Requirement Daily Intake) Dengan kandungan kalori yang rendah dan kaya dengan antioksidan dan serat, menjadikannya sesuai dimakan bagi mereka yang mahu menurunkan berat badan dan mengawal gula.",,
usda,6,"Menurut USDA, buah naga kaya dengan serat, lycopene, dan vitamin larut air seperti karoten, vitamin C dan vitamin B niasin dan riboflavin.",,
spb,6,"Projek Pembangunan Mewah Pertama Selangor Properties Bhd Berucap ketika majlis pelancarannya, Chong Koon San, Ketua Pegawai Operasi SPB berkata, ""Dalam usaha kami yang berterusan untuk mencari kesempurnaan, tercetuslah AIRA Residence yang dibina berlandaskan visi kami untuk mencapai status pemaju premium.",,
oiii,6,Pegang pensel pun tak pernah oiii!,,
hrpz,6,"Doktor-doktor pakar yang terlibat secara langsung dalam pembedahan ini adalah: 1. Dato' Dr. Zakaria bin Zahari (Pakar Perunding Bedah Kanak-Kanak HTA) 2. Dr. Mughni bin Bahari (Pakar Perunding Bedah Kanak-Kanak, HWKKS Sabah) 3. Dr. Mohd Tarmizi bin Md Nor (Pakar Perunding Bedah Kanak-Kanak, HRPZ II Kelantan) 4. Dr. Nurdaliza binti Mohd Badarudin (Pakar Perunding Bedah Kanak-Kanak HRPB Ipoh, Perak) 5. Dr. Hafatin Fairos binti Tamadun (Pakar Perunding Bedah Kanak-Kanak HTA) 6. Dr. Mohd Yusran bin Othman (Pakar Bedah Kanak-Kanak HTA) 7. Dr. Cheng Joo Qing (Pakar Bedah Kanak-Kanak HTA) 8. Dr. Intan Zarina binti Fakir Mohamed (Pakar Perunding Bius Kanak-Kanak HTA) 9. Dr. Ruwaida binti Isa (Pakar Perunding Bius Kanak-Kanak HTA) 10. Dr. Rohanizah binti Alias (Pakar Bius Kanak-Kanak HRPB Ipoh, Perak) 11. Dr. Zubaidah binti Zulkipeli (Pakar Bius Kanak-Kanak HTA) 12. Dr. Neoh Siew Hong (Pakar Perunding Neonatologi HTA) 13. Dr. Elaine Wong Ee Lane (Pakar Neonatologi HTA) Tahniah sekali lagi!",,
ocd,6,"Sodium yang terlalu rendah boleh menyebabkan: Mual/muntah Letih Sakit kepala Keliru(confusion) Sawan Koma PPD biasa nya terjadi dalam golongan yang mempunyai masalah psikiatri: OCD Anxiety Depression Bipolar disorder Schizophrenia Dalam kes saya, makcik menghidapi depression akibat kematian keluarga dekat beberapa bulan sebelum insiden terjadi.",,
إذا,6,"Berkata Umar Al-Khattab r.a.: إذا شك الرجلان في الفجر فليأكلا حتى يستيقنا Artinya : ""Jika dua orang berasa ragu tentang masuknya waktu subuh maka makanlah sehingga yakin olehnya"".",,
يف,6,,,
iot,6,Antaranya adalah: Hadiah utama - Tiket Genting Dream Cruise Hadiah kedua - IoT Blind Box Hadiah ketiga - Baucar Secret Recipe dan Baskin Robbins Bagaimana cara untuk anda sertai peraduan ini?,,
pmr,6,Setiap pelajar yang sudah menjawab peperiksaan PT3 atau nama dulunya PMR dikehendaki memilih aliran yang diminati sama ada sains atau sastera.,,
اخ,6,,,
آي,6,,,
wala,6,ZIKIR PEMBUKA PINTU REZEKI YANG PERLU DIAMALKAN SETIAP HARI 1. Zikir: La Hawla Wala Quwwata Illa Billah Zikir ini bermaksud: Tiada daya dan tiada kekuatan kecuali dengan pertolongan Allah semata-mata.,,
deli,6,"1. Potongan 20% di GrabFood dan 20% rebat bila anda buat pembayaran dengan GrabPay di kedai seperti Domino's, The Alley, Baskin Robbins, Ben's, Boat Noodle, McDonald's, Secret Recipe, Dave's Deli dan banyak lagi!",,
hael,6,5. Hael Husaini Inilah bakat baharu yang sedang menyinar di dalam industri muzik negara.,,
pmwp,6,"Perkara itu dipersetujui oleh Pejabat Mufti Wilayah Persekutuan (PMWP) menerusi artikel menerusi artikel Irshad Al-Fatwa Siri Ke 636: Hukum berjenaka lucah dan lawak tentang rogol yang dikongsi PMWP menerusi laman sesawangnya, hari ini.",,
يكون,6,"Bahkan Islam melarang umatnya daripada membincangkan berkenaan wanita di dalam satu majlis atau perkumpulan, sepertimana oleh Imam al-Zahabi yang meriwayatkan dari Ahnaf bin Qais: جنبوا مجالسنا ذكر النساء والطعام, إني أبغض الرجل يكون وصافا لفرجه وبطنه Maksudnya: ""Elakkan majlis (perkumpulan) sesama kita daripada berbicara mengenai perempuan dan makanan.",,
ذلك,6,"لأنهم إنما يفعلون ذلك خشية أن يدركهم أذان الفجر وهم يتسحرون ولو علموا هذه الرخصة لما وقعوا في تلك البدعة ""Dalam hadis ini terdapat dalil yang menunjukkan bahawa sesiapa sahaja yang mengetahui fajar telah terbit tetapi bekas makanan atau minuman masih berada di tangannya, dia boleh segera menyelesaikan keperluannya tersebut (makan dan minum).",,
un,6,Bagi anda sedang atau pernah melihat atau menjadi mangsa dera ini bolehlah buat aduan di UN Women atau hubungi no telefon dibawah.,,
nsk,6,"Kalau anda berminat nak dapatkan barangan mereka, bolehlah segera berkunjung ke pasar raya Giant, Mydin, NSK ataupun Aeon Big berhampiran.",,
fhd,6,7. HUAWEI Share dan MEETime Siri HUAWEI nova 7 mempunyai mempunyai pra muat turun MeeTime untuk menyokong panggilan video sehingga 1080p FHD antara peranti HUAWEI.,,
asd,6,"Kanak-kanak yang mempunyai penyakit ASD ini akan mempunyai masalah dari segi sosial, komunikasi verbal atau non-verbal dan masalah tingkahlaku.",,
dof,6,"Hanya Kadmium Dikesan Di Sungai Besar, Selangor Namun begitu, dalam kenyataan tersebut DOF turut memaklumkan bahawa terdapat pelanggaran bacaan bagi parameter Kadmium di Sungai Besar, Selangor pada akhir tahun lalu.",,
beh,6,"Ketua Polis Daerah Sentul Asisten Komisioner Beh Eng Lai berkata, seorang lagi kanak-kanak lelaki berusia lima tahun mengalami kecederaan parah.",,
zaim,6,"Begitu juga, dengan kasih seorang ayah Encik Zaim Zainudin Zakaria yang menghadiahkan anaknya sebuah kolam renang.",,
dvd,6,"Jika anda bercadang untuk membuat skan 4D, anda akan diberi gambar serta rakaman CD atau DVD.",,
aini,6,"Timbalan Ketua Polis Daerah Tampin, Deputi Superintendan Ahmad Pilus Zainal berkata, mangsa, Siti Nur Aini Zulimi, 10 bulan sebelum itu ditinggalkan sendirian oleh ibunya di dalam buaian elektrik sebelum wanita itu pergi ke Pejabat Pos Gemas pada 10.30 pagi.",,
rcp,6,"UHD TV - as low as RM788, RCP : RM969 Peti sejuk - as low as RM1429, RCP : RM1725 Mesin basuh- as low as RM629, RCP : RM816 Cooker Hob & hod - RM1749, RCP : RM3331 Periuk nasi- RM295, RCP : RM461 Tablet PC - as low as RM1449 Pengahawa dingin - as low as RM729, RCP : RM1065 Ha!",,
dslr,6,"KUALITI FOTO SEPERTI KAMERA DSLR Apa yang lagi menarik, Vivo V5 Plus ni juga boleh menghasilkan efek bokeh setanding dengan kamera DLSR dengan mewujudkan latar belakang yang kabur tetapi sangat cantik dan penuh dengan nilai estetika.",,
cvt,6,"Berikut adalah senarai hadiah-hadiah luar biasa yang Watsons ada untuk para pemenang Peraduan ""Rahsia Gaya Raya"" Hadiah Utama: Sebuah Perodua Myvi 1.3G CVT Sebuah Proton Bezza 1.0GX/AQ1GZ2 Hadiah pertama: 5 Pemenang X Baucar Poh Kong Diamond & Baucar baucar Diamond and Gems bernilai RM500 10 Pemenang X Baucar Poh Kong Diamond atau Tranz Jewellery atau baucar jenama bernilai RM200 40 Pemenang X Baucar Poh Kong Bernilai RM500 ( baucar Diamond and Gems bernilai RM 300 dan baucar jenama bernilai RM 200) Hadiah Saguhati: 10 Pemenang X e-Baucar Watsons bernilai RM 1000 30 Pemenang X e-Baucar Watsons bernilai RM500 100 Pemenang X e-Baucar Watsons bernilai RM200 Belanja minima RM80 dan keatas untuk peluang menang baucar tunai bernilai RM8 atau Belanja minima RM150 untuk peluang menang baucar dalam talian bernilai RM18. Sertai Peraduan ""Rahsia Gaya Raya"" sekarang!",,
alha,6,Anugerah Juara Lagu 37 (AJL 37) yang didimensikan oleh Alha Alfa Cosmetics pada malam 12 Februari lalu berlangsung penuh meriah dengan 5.4 juta capaian tontonan di TV3 dan 1.75 juta capaian di platform digital.,,
dsss,6,"Ada yang mengamalkan diet IF, Atkin, DSSS, diet tanpa nasi malah ada yang mengambil produk kesihatan untuk menurunkan berat badan.",,
mais,6,"Baca juga: MAIS Tak Iktiraf Pernikahan Di Thailand Kalau Tak Daftar Di Jabatan Agama BERMULA 16 JANUARI INI PEPERIKSAAN STAM 2022 AKAN DIJALANKAN ""KPM ingin mengingatkan semua calon peperiksaan STAM tahun 2022 untuk merujuk jadual waktu peperiksaan bagi mendapatkan maklumat mengenai tarikh, masa, kod dan kertas peperiksaan serta arahan yang perlu dipatuhi semasa peperiksaan berlangsung,"" katanya.",,
gov,6,Aku fikir balik dengan tipikal thinking aku yang tak habis-habis terdengar-dengar nasihat manusia doctor google ni Kalau kau pegi refer Gov macam kau pegi hantar free je untuk Czer.,,
hfcs,6,"Perasan tak mereka bukannya guna gula, tapi hanya guna 'air gula' yang ada HFCS.",,
aca,6,Bahan berkhasiat utama rhizom lengkuas dikenali sebagai ACA atau 'acetoxychavicol asetat'.,,
ed,6,"Antara contoh buku yang dicadangkan adalah: Baby Faces oleh Margaret Miller The Great Big Book of Feelings oleh Mary Hoffman Grumpy Bird oleh Jeremy Tankard Glad Monster, Sad Monster oleh Ed Emberley dan Anne Miranda When Sophie Gets Angry - Really, Really Angry oleh Molly Bang 3. Menjadi Contoh Terbaik Menurut Psych Central, seorang kanak-kanak banyak mencontohi perbuatan orang lain, terutamanya ibu bapa.",,
ٱلن,6,,,
tgok,6,"CHANNEL YOUTUBE ""BAD INFLUENCERS FOR KIDS"" As a mom, bila I pantau anak I tgok channel-channel begini di Kidstube (even in Youtube, Netflix, Tiktok, IG dan media-media online sewaktu dengannya), I dapati some of these kids influencer channels ajar budak-budak manner yang tak elok.",,
prik,6,"6.Resepi Pes Thai Chili @ Nam Prik Pao Kalau anda masuk ke dapur kedai Tom Yam kan, wajib jumpa pes tom yam yang ada gambar perempuan siam tu.",,
stgh,6,Cara buat Telur sarang macam di kedai Bahan-bahan Telur sebiji 2 stgh sudu besar air putih/paip Garam pink sikit kalau nak.,,
burj,6,"-Lepas tu tuang telur dalam minyak yang panas, tarik mangkuk tu tinggi-tinggi setinggi Burj tower supaya telur tu jatuh dengan tali halus dalam kuali dan menghasilkan letusan gunung berapi lalu merebak ke seluruh minyak.",,
cdm,6,"Mesin ATM/ CDM Bank Islam, Maybank dan Bank Rakyat.",,
copd,6,Antara masalah batuk yang bahaya adalah: 1. Tibi 2. Kanser paru-paru 3. Bronchiectasis 4. COPD (Chronic Obstructive Pulmonary Disease) Sementara yang kurang bahaya dan dapat dirawat dengan baik adalah: 5. Asthma 6. Post Nasal Phlegm akibat Sinusitis yang kronik 7. Reflux Saya berikan ubat gastrik untuk kawal masalah beliau untuk sementara waktu.,,
juli,6,"Cara Cuci Mesin Basuh: Langkah Demi Langkah Menurut Puan Juli, selama ini beliau menggunakan fungsi 'Tub Hygiene' saja untuk cuci mesin basuh.",,
tc,6,"Kalau lint trap penuh dengan lint (ie kotor), kita buat tc pun tak guna sbb kekotoran yg keluar semasa kita buat tc tak di perangkap oleh lint trap kita.",,
bbt,6,"14. Lokasi Kios KWSP Selangor KWSP Gombak Lot 5, Sunway Batu Caves 68100 Batu Caves Selangor KWSP Kajang Ground Floor, Mezzanine, Level 1, 2 & 3 No.1, Jalan Hentian 3 Pusat Hentian Kajang, Jalan Reko 43000 Kajang Selangor KWSP Klang Ground Floor & Level 1 Unit B-G-1, North Tower (Tower B) BBT One The Towers Lebuh Batu Nilam 1 Bandar Bukit Tinggi 41200 Klang Selangor KWSP Kuala Selangor Ground Floor & Level 1 No.1, Jalan Medan Niaga 6 Medan Niaga 45000 Kuala Selangor Selangor KWSP Learning Campus Persiaran KWSP 43000 Kajang Selangor KWSP Petaling Jaya Services Counter PJX-HM Shah Tower Lot A, Ground Level, PJX-HM Shah Tower No.16A, Persiaran Barat 46050 Petaling Jaya Selangor KWSP Puchong No.19 Jalan Bandar Lapan Belas Pusat Bandar Puchong 47160 Puchong Selangor KWSP Rawang No.3S-10-G & 3S-10-1 Rawang One Jalan Pintas Rawang 48000 Rawang Selangor KWSP Shah Alam Ground Floor, Level 1 & 2 Corporate Tower IDCC Shah Alam Jalan Pahat L 15/L 40200 Shah Alam Selangor Third Party Kiosk juga terletak di Pelbagai Bank & Aeon setiap negeri.",,
db,6,"Dengan kekuatan bunyi 129 dB, ia cukup membingitkan untuk menakut-nakutkan monyet.",,
qi,6,"Mengikut fahaman akupuntur, jarum kecil yang dimasukkan di bawah permukaan kulit dapat menyelaraskan kembali aliran tenaga atau qi di dalam badan.",,
kurg,6,Ini hasilnya setelah saya gilap lebih kurg 1/2 jam.,,
ثم,6,"Sabda Nabi Muhammad S.A.W daripada Abdullah bin Mas'ud R.A: إن أحدكم يجمع خلقه في بطن أمه أربعين يوما نطفة، ثم يكون علقة مثل ذلك، ثم يكون مضغة مثل ذلك، ثم يرسل الله إليه الملك، فينفخ فيه الروح ويؤمر بأربع كلمات: بكتب رزقه وعمله وأجله وشقي أو سعيد Maksudnya: ""Seseorang dari kamu ditempatkan penciptanya di dalam perut ibunya selama empat puluh hari, kemudian menjadi 'alaqah selama itu pula (40 hari), kemudian menjadi mudhghah selama itu pula (40 hari); kemudian Allah mengutus seorang malaikat lalu diperintahkan empat kalimat (hal), dan dikatakan kepadanya: Tulislah amal, rezeki dan ajalnya, serta celaka atau bahagianya kemudian ditiupkan ruh kepadanya"".",,
نف,6,,,
agro,6,1. CIMB / CIMB Islamic CIMB Moratorium 2. Maybank / Maybank Islamic Maybank Moratorium 3. Hong Leong Bank / Hong Leong Islamic Hong Leong Bank Moratorium 4. Affin Bank / Affin Islamic Affin Bank Moratorium 5. AmBank /AmBank Moratorium 6. Bank Islam /Bank Islam Moratorium 7. Bank Simpanan Nasional (BSN) / Bank Simpanan Moratorium 8. Agro Bank / Agro Bank Moratorium 9. Bank Muamalat/ Bank Muamalat Moratorium 10. Bank Rakyat / Bank Rakyat Moratorium 11. HSBC Amanah/ HSBC Bank Moratorium 12. Public Bank / Public Bank Moratorium 13. OCBC Al Amin Bank Berhad/ OCBC Bank Moratorium 14.MBSB Bank / MBSB Bank Moratorium 15. RHB Bank / RHB Islamic RHB Bank Moratorium 16. Standard Chartered Saadiq / Standard Chartered Bank Moratorium 17. Alliance Bank/ Alliance Bank Moratorium 18. SME Bank / SME Bank Moratorium Cara untuk membuat permohonan lanjutan moratorium adalah tertakluk kepada agensi perbankan itu sendiri.,,
oa,6,"Baca juga: 7 Doa Mama Papa Boleh Amalkan Untuk Kuatkan Janin Dalam Kandungan, Elak Keguguran Faktor penentu kejayaan dan mudah bersalin normal #1 POWER Power = kekuatan kontraksi rahim yang stabil dan konsisten penting untuk : • Menolak bayi turun dan masuk ke dalam rongga pelvis, vagina dan keluar dari faraj • Membuka serviks sehingga 10cm • Menolak bayi dalam posisi yang betul - occipito-anterior (OA) di mana kepala bayi menyentuh dagunya dan memberikan diameter yang muat untuk melepas rongga vagina & faraj #2 PASSAGE Passage = Laluan i.e rongga pelvis, vagina dan faraj boleh dihalang atau jadi tidak sesuai untuk melahirkan secara normal bila : • Ketinggian ibu < 150cm dengan pelvis yang sempit atau bentuk yang tidak normal, CPD • Tumor yang menghalang bayi untuk masuk ke dalam rongga pelvik seperti cyst atau fibroid #3 PASSENGER Passenger = Penumpang i.e bayi dengan keadaan berikut berisiko tinggi jika bersalin normal : • Posisi bayi tidak dalam posisi OA seperti muka menghadap vagina (face presentation), mendongak (brow presentation) • Kepala bayi besar e.g hydrocephalus • Bayi yang besar 》4kg • CTG atau jantung bayi yang tidak stable / distres *Selamat berjaya mommy semua!",,
oo,6,Tips ini merupakan perkongsian asal Puan Musyahadah Oo yang telah mendapat hampir 20k perkongsian.,,
aleo,6,"CARA PROSES POKOK ALOE VERA, BOLEH CAMPUR DALAM MINUMAN Petang tadi ambil 5 pelepah aleo vera.",,
pbd,6,"Dalam sebuah video berdurasi 1 minit 05 saat ini, Dr Maszlee, Menteri Pendidikan Malaysia telahpun merumuskan 10 Sebab Mengapa Peperiksaan Tahap Satu Dimansuhkan, iaitu: Tiada lagi penilaian seragam untuk lebih fokus kepada kepelbagaian potensi murid Guru boleh memberikan tumpuan penuh kepada tugas mendidik Murid bebas dari tekanan di awal usia persekolahan Guru dapat menyemai nilai-nilai murni dalam diri murid dengan prinsip ""Values are caught and taught"" Dapat membentuk karakter murid dengan kaedah learning-centered Dapat membina dan memperkukuh kemahiran 4M iaitu membaca, menulis, mengira dan menaakul Dapat melaksanakan Pentaksiran Bilik Darjah PBD yang terdiri daripada permainan, projek mudah, main peranan, bercerita dan kuiz Dapat mempertingkatkan bakat, minat, kemahiran dan sahsiah murid Guru diberi ruang untuk merancang aktiviti PBD Objektif pembelajaran berdasarkan standard yang ditentukan oleh guru mengikut keadaan dan keperluan murid Pelbagai Reaksi Diterima Pengumuman itu mendapat maklum balas positif daripada ibu bapa yang bersetuju bahawa pemansuhan peperiksaan itu secara tidak langsung mengubah struktur pendidikan menjadi lebih baik kerana tidak membebankan pelajar.",,
gmbr,6,"Letak atas tudung periuk, sejukkan dalam freezer sampai macam dalam gmbr.",,
mqa,6,15. Transkrip diploma.16. Surat pengiktirafan kelayakan MQA.,,
dcr,6,"Bersempena dengan pelancaran ""Jam Tangan Pengembara Masa"" atau ""TimeTraveller Watch"" pertama di Malaysia yang dilengkapi dengan fungsi Touch 'n Go untuk tujuan reload segera dan pembayaran, 11street (www.11street.my) mengumumkan kolaborasi terkini dengan DCR Marketing, penyedia berkualiti bagi menghasilkan aksesori fesyen inovatif ini di pusat beli-belah elektronik terbaik Malaysia.",,
yoon,6,"Yoon Ho Choi, Naib Presiden, Perkhidmatan XR, LG UPlus Corp berkata, ""Banyak negara telah mengkomersialkan rangkaian 5G, dan mempertingkat peluang dalam memperluas ekosistem 5G.",,
upu,6,3. SELANGOR - UPU CHENDERA Mengisahkan seorang pemimpin wanita berbangsa Bugis pertama Selangor yang beragama Upu Chendera Burung yang juga dikenali sebagai Raja Siti.,,
kix,6,"Update: Pelanggan NJOI juga boleh menikmati saluran KIX dan Nat Geo Wild secara komplimentari sehingga 31 Mac 2020. *Tertakluk pada terma dan syarat Untuk maklumat lanjut, rujuk portal rasmi astro di www.astro.com.my.",,
از,6,,,
beqa,6,"1. Chicken grill wrap Wholegrain wrap brand mission Ayam grill (perap dgn garam kunyit ) Vegetables Tak perlu apa-apa sos Gulung then boleh makan Letak cheese pon sedap Cheese boleh guna Beqa cheese super slim, sekali sekala boleh bukan hari-hari ye 2. Roti wholemeal tuna chunks Vege Roti bakar dulu Tuna gaul dengan plain yogurt, then boleh sapu dekat roti Siap boleh makan Tak perlu mayonis pun 3. Sup ayam versi clean resepi Didihkan air dlm periuk Tumbuk bawang merah, putih, halia Masukkan bahan tumbuk bersama ayam, carrot & potato Masak sampai empuk Masukkan sup bunjut ( buka bunjut tu), black & white pepper, secubit garam, renehkan smbil ttp periuk Dah masak tabur daun sup & bawang sedia untuk makan 4. Chicken manggo Carikkan isi ayam yang digrill, letak mangga , letak salad, tomato, hirisan cili api, bawang merah, perah asam limau nipis sikit, letak madu.",,
tey,6,"Bahan yang digunakan dipilih oleh Dr Tey - Pakar Perunding Dermatologi dan Pakar Penyelidik dari National Skin Centre, Singapura Selalunya anda tak tahu mana asal usul bahan-bahan yang ada dalam sesuatu produk tu dan tak pasti sejauh mana keberkesanan bahan-bahan tersebut betul tak?",,
الا,6,,,
اص,6,,,
ﻭ,6,,,
cesc,6,"Herzogenaurach, Jerman (26 April) - PUMA melancarkan edisi terbaru but bola sepak dua warna yang dikenali sebagai 'Tricks boots' dengan pemain Sergio Agüero, Marco Reus, Cesc Fàbregas, Marco Verratti, Olivier Giroud dan beberapa pemain lain yang akan bermain dalam minggu Play Loud.",,
rrp,6,,,
ppm,6,Jadi bidan terjun beramai-ramai sambut ppm saya bersalin dekat kelas prasekolah.,,
ppki,6,Rupa-rupanya dia nak daftarkan cucunya ke pendidiksn khas ( ppki ) bila Has tanya kenapa cucu tu kak.,,
tggu,6,Jangan malu dan tggu sehingga bertahun.,,
liow,6,"""Saya faham bahawa taman tema itu akan ditutup kerana mendapat kurang sambutan sepanjang beberapa tahun lalu,"" kata Cik Liow menerusi Malay Mail.",,
cai,6,"Demikian kata Cik Liow Cai Tung, pengerusi jawatankuasa bertanggungjawab ke atas pembangunan pelancongan, wanita, keluarga dan masyarakat.",,
nits,6,Paparan peranti ini menggunakan AMOLED dengan sokongan HDR10 bersama kadar kecerahan pada tahap 800 nits manakala saiz skrin adalah 6.72 inci.,,
sek,6,"Pemulangan dan pengangkatan semula De Facto tidak dibenarkan, tetapi pengangkatan tersebut boleh dibatalkan dengan Perintah Mahkamah mengikut Sek.",,
وك,6,,,
fizi,6,Fizi juga yang gilir-gilir driving kat sana serta jadi partner ketika saya di sana.,,
remy,6,"9. Yee Lee - Rasa Bersama, Raya Bermakna Bukan senang nak tengok Remy Ishak & Farah Nabilah menyanyi dan berjoget kan?",,
rsp,6,"FR100CA @ RM 988 (RSP : RM 1,299) - bundle with 16GB Micro SD Card FR100L @ RM 1,688 (RSP : RM 1,799) - bundle with 16GB Micro SD Card FR200 @ RM 1,288 (RSP : RM 2,399) - bundle with 16GB Micro SD Card + Waterproof Dry Bag TR Mini @ RM 1,888 (RSP : RM 2,199) - bundle with 16GB Micro SD Card TR80 RSP @ RM 4,099 & Promo Price : RM 3,199 - bundle with 16GB Micro SD Card + TR80 Limited Edition Luggage Tag G'z Eye @ RM 1,968 (RSP : RM 1,969) - bundle with 16GB Micro SD Card + Carabiner Strap with Stand (worth RM 199) Beli di sini>>> LAZADA.",,
erni,6,(Kredit: Puan Wan Erni Suria) Bahagia kan?,,
tsen,6,"Dibintangi oleh Hazama, Nabila Razali, Nazrief Nazri, Nazeera Sardi, Adeline Tsen Semua filem ini akan tersedia ada bermula pada Hari Raya Pertama di tonton CINEMA dan YouTube TV3 secara percuma!",,
cta,6,3. Tugas JPJ adalah memastikan child carseat yang masuk lulus piawai keselamatan dengan keluarkan kelulusan CTA.,,
aera,6,Mungkin ramai yang belum tahu Chin Hin Group sebenarnya dah ditubuhkan sejak tahun 1974. Mereka antara syarikat tempatan yang telah berjaya disenaraikan di dalam Bursa Saham Negara pada tahun 2016. Kalau anda nak tahu projek terbaru adalah AERA AERA JANGKAUAN MASA HADAPAN!,,
sktj,6,"IKUTI KELAS UPKK ATAS KERELAAN SENDIRI Hui Ling berkata, dia mengikuti kelas UPKK atas kerelaannya sendiri memandang abangnya, Por Jie Hao, 14, pernah mengikuti kelas UPKK di SKTJ.",,
mx,6,"mx 5. Ibu Menyusu (Atau Tidak Menyusu) Yang Masih Berpantang Bagi ibu menyusu terutamanya yang masih berpantang atau baru lepas berpantang, minta nasihat daripada doktor untuk pengurusan kesihatan yang baik dan pastikan doktor memberi 'green light' untuk berpuasa.",,
bidh,6,"2. PUASA SUNAT HARI PUTIH (AYYAMUL BIDH) Disunatkan juga untuk beramal dengan puasa hari putih yang dikenali sebagai puasa ayyamul bidh iaitu puasa pada hari ke-13, 14 dan 15 di pertengahan setiap bulan Islam (Hijriyyah).",,
edp,6,2.EAU DE PARFUM EDP ini mempunyai konsentrasi pewangi yang rendah berbanding Parfum tetapi lebih tinggi daripada Eu de Toilette dan Eu de Cologne.,,
mrkh,6,"Perempuan dengan sindrom MRKH ini mempunyai genetik seperti wanita biasa iaitu kromosom (46, XX) dan sepasang ovari yang berfungsi secara normal.",,
jpwp,6,"Bagi sebarang pertanyaan, hubungi JPWP Putrajaya di talian 03-8899 0000. ** Bagi permohonan ke Tahun Satu ambilan 2019 yang telah dibuat pada tahun 2017, permohonan Tuan/Puan perlu disemak kembali, kerana mulai tahun 2018, sekolah di W.P Putrajaya hanya membenarkan penduduk di Putrajaya sahaja untuk memohon.",,
sidr,6,Madu sidr. Jernih dan likat tapi kelikatannya kurang sikit dari manuka.,,
frk,6,Persembahan fesyen oleh Fakulti Rekabentuk dan Kreatif (FRK) memperlihat koleksi fesyen pakaian rekaan hampir 20 pereka fesyen generasi akan dating yang mewakili FRK dan UCLan.,,
agm,6,"Pada tahun 2015, ia telah menganjurkan Makan Malam PMC Fellowship yang diadakan bersama dengan AGM PMC ke-35, program Travel Trade Exchange (TRAVEX) di Kota Kinabalu dan Pameran Kerjaya Pelancongan.",,
mpd,6,"Ketua Pegawai Eksekutif MPD, Rafiq Razali, berkata berdasarkan kepada Google Analytics, TanTanNews merekodkan sebanyak 2.8 juta paparan halaman (page views) dan 1 juta pengguna pada November 2018. ""Kami teruja dan mengalu-alukan TanTanNews ke rangkaian berbahasa Cina kami.",,
yugu,6,"Four Points by Sheraton Seoul, Namsan Seoul Station & Lotte Mart Lawatan Ke Kilang Yugu Perjalanan ke kilang Yugu mengambil masa selama 2jam 30minit, dalam perjalanan, kami sempat singgah di hentian rehat Jeongan Albam, Gongju.",,
coby,6,"Foto Kredit: Coby Persin via Youtube Eksperimen Sosial Oleh Coby Persin Cetuskan Kebimbangan Masyarakat Terhadap Kenaifan Anak Gadis Remaja Kalau anda mempunyai anak gadis remaja yang diberikan akses kepada telefon bimbit, anda patut berasa bimbang setelah menonton video ini.",,
lr,6,Pastu aku pun praktikkan senaman dalam LR yg aku baca.,,
opa,6,"Tapi untuk rasa yang lebih kick and sedap, saya memang selalunya akan add on herbs & spices dalam makanan Opa.",,
joko,6,"Siapa yang tidak mengenali nama figura yang sering disebut-sebut sebagai salah seorang pemimpin berpengaruh di dunia iaitu Presiden Republik Indonesia, Joko Widodo bukan?",,
eida,6,Jadi apa kata kita cuba resepi aiskrim coklat homemade mudah dan jimat yang dikongsikan oleh Puan Eida Ilham ni.,,
ogy,6,Jadi sebab itulah kami nak kongsikan pada ibu-ibu resepi biskut laktasi dari Rozita Ogy yang cukup special dan mudah ni.,,
tako,6,"Siapa yang tak kenal kuih tako, kuih tradisi yang selalu kita jumpa ketika bulan Ramadhan.",,
roux,6,"Kalau nak rebus masak sekali dalam kuah pun boleh, korang tak payah rebus asing dan tak perlu buat roux dah.",,
boko,6,"""Ish, kuih tepung boko ubi kayu ni asyik lalu dekat wall je.",,
dibu,6,dibu mmg teringin anak perempuan sbb tu habis semua rambut arrian & andra ku sengaja panjangkan.,,
elai,5,6) Aurora Heyricca & Dealova Heyrinna (Faezah Elai &Heykal Hanifah) Aurora Heyricca.,,
viii,5,Tarif untuk mengambil atau mengepam air dari mana-mana sungai atau aliran untuk penjanaan tenaga elektrik atau tenaga elektrik seperti yang ditetapkan dalam Bahagian VIII Jadual Keempat Peraturan-Peraturan Bekalan Air 1995 juga akan dinaikkan dari 1 sen per kWh semasa kepada 2.5 sen per kWj elektrik yang dihasilkan.,,
cmtu,5,Eh eh haha takyah sampai cmtu sekali memadai sediakan jejak burung seolah2 ada burung kat rumah kita dgn cara : -letak beberapa kulit telur burung puyuh kat area tingkap atau mana-mana tempat cicak boleh masuk.,,
rhu,5,"Harga: Dari RM187+ Semalaman Alamat: Lot 826 Mukim Sungai Karang Kuantan, 26080 Cherating 5. De Rhu Beach Resort De Rhu Beach Resort adalah sebuah resort yang cukup lengkap, walaupun murah, ianya sempurna dengan pelbagai kemudahan yang menarik seperti gym, taman permainan untuk kanak-kanak dan juga kolam renang.",,
sata,5,"Untuk menjamu selera, anda boleh singgah ke Restoran Cik Wan yang terletak hanyalah beberapa tapak dari hotel untuk merasa sata, otak-otak dan banyak lagi.",,
ri,5,Go Hae Ri pula ialah seorang anggota National Intelligent Service (NIS) di Maghribi.,,
لن,5,,,
lahh,5,"Kiranya, bilik tu lahh tempat ""privacy"" mereka.",,
uhud,5,"www.thevocket.com 7) Program Ziarah Untuk program ziarah, kita boleh memilih samaada ingin membawa Jemaah turun atau tidak bersama untuk melihat Jabal Nur, Jabal Uhud, Gua Hira dan beberapa tempat lagi.",,
taib,5,"taib Buat mereka yang bakal menunaikan umrah dan merasakan terbeban membawa Jemaah yang uzur, percayalah anda akan menemukan satu sisi berbeza ketika berada di sana.",,
ece,5,"Bila korang pilih nanti, korang akan nampak sticker ECE bla bla kat tepi or bawah warna oren.",,
nike,5,"Daripada jenama kegemarannya Supra, Vans, dan Nike, Zizan memiliki kasut yang cukup untuk ditukar pakai setiap hari dalam tahun ini!",,
kart,5,Elizabeth pula suka memandu go-kart dan drift kart pada masa lapang.,,
ehhh,5,jangan malas ehhh Sumber Facebook : Cahaya Mata Rasmi.,,
ohss,5,Risiko Si isteri berisiko mengalami 'Ovarian Hyper-Stimulation Syndrome' (OHSS) OHSS adalah satu situasi di mana badan akan bertindak secara berlebihan setelah mengambil suntikan rangsangan ovari Sindrom ini boleh dikawal dengan pengambilan ubat-ubatan Jangka masa proses IVF: IVF boleh memakan masa beberapa minggu dari bermulanya pengambilan suntikan rangsangan untuk ovari sehinggalah pemindahan embrio.,,
ahl,5,,,
akif,5,1. TEKNIK I Teknik oleh Psikologis Akif Basri.,,
lbh,5,Kuah mesti masam lbh skit.,,
itam,5,"Solok Lada: 10 biji lada hijau - potong jgn putus n buang biji 1/2 biji kelapa parut putih 4 ulas bawang merah 1.5 cm halia lada itam skit 2-3 ekor ikan kembung - ambil isi sahaja sedikit garam,gula dan perasa > Tumbuk bawang,lada itam dan halia hingga lumat dan masukkan garam,gula dan isi ikan.",,
jksm,5,"Ketua Pengarah JKSM, Datuk Dr Mohd Na'im Mokhtar berkata, perbincangan bersama Bank Negara dan institusi bank di negara ini telah dibuat sebelum ini bagi merealisasikan perkara tersebut.",,
jkjr,5,*Sumber: JKJR Malaysia.,,
hurm,5,Hurm.,,
hdr,5,"1) Sony Sony 55-inch 4K HDR TV dengan X Reality PRO SNY-KD55X7000E Harga promosi : RM2,649 2) Toshiba Toshiba 7.2KG Circular Intake Washer TSB-AWF820SMWL Harga promosi : RM669 3) Faber Faber 42L Microwave Oven FBR-FEOR42 Harga promosi : RM279 4) Sharp Sharp 360L Inverter 2-Door Fridge SHP-SJ366MSS Harga promosi: RM1,299 5) Samsung Samsung 12KG Inverter Top Load Washer SAM-WA12J5750SV Harga promosi : RM1,399 6) Pensonic Pensonic Deep Fryer PEN-PDF2201 Harga promosi : RM279 7) Panasonic Panasonic Non-Humidifying nanoe™ Air Purifier PSN-FPXJ30AHM Harga promosi : RM329 Wah, memang berbaloi!",,
owns,5,"The PUMA Group owns the brands PUMA, Cobra Golf and Dobotex.",,
res,5,"Cancer Res 2010;70:1722-30. [6] Vilos GA, Allaire C, Laberge PY, et al.",,
sahl,5,"2. MENYEGERAKAN WAKTU BERBUKA Daripada Sahl bin Saad RA berkata bahawa Rasulullah SAW bersabda: يَزَالُ النَّاسُ بِخَيْرٍ مَا عَجَّلُوا الْفِطْرَ ""Senantiasa manusia berada dalam kebaikan selama mereka menyegerakan berbuka"".",,
seok,5,"6. Jo Jung Seok Kredit: Soompi.com Jo Jung Suk menempah namanya sebagai pelakon berbakat menerusi filem Architecture 101. Kalau anda pernah menonton drama Hospital Playlist, pasti anda juga kenal dengan kreadibiliti dia sebagai pelakon serba boleh dan meninggalkan kesan mendalam kepada penonton.",,
figs,5,"1. GOJI BERRIES - Fiber, iron, vitamin A dan C 2. DRIED BLUEBERRIES - Tinggi phytonutrein yang bertindak sebagai antiradang dan antioksida 3. DRIED CRANBERRIES - Sumber vitamin B, vitamin C dan vitamin E 4. KISMIS - Tinggi iron dan baik untuk sistem penghadaman 5. DRIED APRICOT - Ada kandungan vitamin A, E, magnesium dan copper 6. DRIED FIGS - Tinggi vitamin, magnesium, iron dan kalsium 7. DRIED PRUNE - Sumber vitamin A, K dan fiber Bagi anak buah kering dalam kuantiti yang sederhana.",,
brie,5,"7 bahan asas yang mesti ada di rumah kalau darurat Pilihannya terpulang kepada anda: 1) Karbohidrat -Beras (nasi, tepung, bihun) -Gandum (bijirin, tepung, pasta dan mee) -Oat (steel cut, rolled) -Jagung (bijirin) 2) Kacang dan kekacang -Kacang (almond, hazel, gajus, macadamia, berangan, pistachio, kacang parang) -Kekacang (kacang tanah, pis, lentil, kacang hijau, kacang merah, dal, soya, asam jawa) 3) Susu dan hasilnya -Susu tepung (penuh krim, rendah lemak, kalsium tinggi) -Susu UHT (stabil pada suhu bilik) -Keju (keras: parmesan, cheddar, edam, gouda, provolone, gloucester, lembut: brie, haloumi, feta, roquefort) 4) Daging -Ikan (tin, kering, salai) -Ayam (tin, salai, serunding) -Lembu (tin, salai, serunding, jerky, sosej) -Kambing (tin, salai, serunding) -Arnab (salai, jerky, serunding) -Itik (tin, salai, serunding) -Sotong dan udang (tin, kering) 5) Lemak -Minyak sawit -Minyak kelapa -Minyak zaitun -Ghee -Marjerin -Mentega (tin) -Santan (serbuk, kotak) 6) Buah dan sayur -Cendawan (kering, tin) -Kobis (sauerkraut, kimchi) -Labu (segar, tin) -Keledek (segar, tin) -Kurma (kering, beku) -Kismis (kering) -Zaitun (tin) -Rumpai laut (nori) -Tomato (kering, tin) -Laici (tin) -Mata kucing (kering, tin) -Nenas (kering, tin) -Cranberries (kering, sejuk beku) 7) Rempah, perasa dan perisa -Gula (pasir, perang, kabung, melaka) -Garam (laut, bukit, beriodin) -Cuka (asli seperti epal, tebu, beras, atau buatan - asid) -Madu -Serbuk kari, kurma, opor, sup -Bunga lawang, cengkih, lada hitam, kulit kayu manis, buah pelaga, buah keras, buah pala, ketumbar, biji sawi -Kicap, sos tomato, sos cili, mayonis, wasabi, -Puri tomato 8. Comfort food Biskut, keropok, coklat, maggi pun simpan juga sebagai 'comfort food' di saat anda mahu menonton televisyen.",,
pjk,5,"Serius, banyak soalan sebenarnya tidak layak ditanya ""Cikgu, dalam jadual esok ada PJK.",,
mamy,5,"Harga bermula dari RM 30.99 - RM 39.90. 2. Mamy Poko Extra Dry http://www.lazada.com.my Bila sebut Mamy Poko, memang sudah diakui oleh para ibu bahawa lampin pakai buang Mamy Poko adalah yang terbaik setakat ini.",,
abim,5,"3. Dewan Melor Garden Wedding Alamat : Lot 1676, Jalan Abim, Sungai Ramal Dalam, (Seksyen 8 Bandar Baru Bangi) TEL : 013-3371788 (Hj. Khairul) 4. Puri Buana Garden Wedding Alamat : RISDA Semaian & Landskap Sdn Bhd (Jalan Kemajuan,), 43650 Bandar Baru Bangi, Selangor TEL : DAPUR KAK SU di talian 016 3136982 atau 019 3584184 untuk membuat tempahan tempat dan pakej perkahwinan lengkap.",,
cups,5,"Resepi Ketiga - Meatloaf Cups Bahan-bahan : 2 sudu besar susu low-fat 1 sudu besar sos tomato 2 sudu besar quick-cooking oats 1 sudu kecil sup bawang campuran Setengah paun daging kisar Cara memasak : - Campurkan susu, sos tomato, oats dan sup ke dalam mangkuk kecil dan gaul rata.",,
bars,5,Resepi Kesembilan - Marshamallow Bars Bahan-bahan : 8 marshmallow besar 1 sudu kecil butter 1 cawan rice cereal Cara memasak : - Satukan marshmallow dan mentega dalam mangkuk kecil yang boleh masak dalam microwave dan panaskan pada suhu tinggi selama 30 saat.,,
afi,5,"Apa yang saya buat untuk Afi: -Speak in English for whole sentences (elakkan 'merojakkan' bahasa) -Bercakap ayat yang sama dalam bahasa Melayu pada waktu yang lain (untuk meningkatkan kefahaman bahasanya) -Kalau dia tak faham sesuatu perkataan dalam bahasa Inggeris, saya akan buat tingkah laku tersebut & terangkan juga dalam bahasa Melayu supaya dia dapat kedua bahasa.",,
adh,5,ADH bukanlah kanser tetapi ia boleh meningkatkan risiko anda mendapat kanser pada masa hadapan.,,
acp,5,Menurut Ketua Polis Daerah Seremban ACP Mohd Said Ibrahim berkata pihaknya menerima laporan polis mengenai kematian kanak-kanak autisme yang mempunyai masalah pembelajaran itu pada pukul 7.46 malam.,,
lppm,5,"[infobox title='Aktiviti ini direalisasikan oleh Tourism Malaysia - Selangor'] Lembaga Penggalakan Pelancongan Malaysia (LPPM) atau dikenali sebagai Tourism Malaysia ditubuhkan di bawah Akta Parlimen, Akta 481 pada tahun 1992. Penubuhan LPPM ini selaras dengan pemansuhan Perbadanan Kemajuan Pelancongan Malaysia atau lebih dikenali sebagai TDC pada tahun yang sama.",,
wafa,5,Wafa sayang nak belanja duit dia sendiri.,,
onz,5,Ok Umi onz je.,,
kbs,5,"Ini sebahagian usaha KBS (Kementerian Belia dan Sukan) menjayakan inisiatif yang diterajui oleh Khairy Jamaluddin dan Kementerian Sains, Teknologi dan Inovasi (MOSTI) serta Kementerian Kesihatan (KKM) dalam Program Imunisasi COVID-19 Kebangsaan melalui penggunaan fasiliti secara optimum.",,
tria,5,"Aladdin - Reloaded diarahkan oleh Joanna Bessey dan pengarah muzik ialah Liew Marsh dan koreografi oleh J. Redza, pelakon utama daripada ""Aladdin - Reloaded"" dibarisi pelakon-pelakon profesional seperti Rashid Salleh (Kopitiam sitcom), Tria Aziz (penyanyi / pelakon / pelawak), Peter Davis (MMA Star).",,
olih,5,"Maka makan dan minumlah kamu sehingga azan pula olih Ibnu Ummi Maktum"".",,
حتى,5,"Berkata Umar Al-Khattab r.a.: إذا شك الرجلان في الفجر فليأكلا حتى يستيقنا Artinya : ""Jika dua orang berasa ragu tentang masuknya waktu subuh maka makanlah sehingga yakin olehnya"".",,
fah,5,"Dr Liew Fah Onn, Pakar Perunding Obstetrik dan Ginekologi dari Hospital Assunta yang juga bekas presiden Persatuan Menopos Malaysia berkata, ""Memandangkan terdapat jangkitan yang boleh dihapuskan dan pertumbuhan tidak normal bakteria yang berkaitan dengan keadaan yang lebih serius[9], BETADINE® Daily Feminine Wash dapat mengekalkan persekitaran yang sihat untuk merangsang pertumbuhan bakteria baik dan menyediakan perlindungan untuk menentang ketidakselesaan bahagian intimasi menerusi kebaikan tiga bahan semulajadi tersebut yang dicipta secara unik dalam formulasi Tri-Care™[10]"".",,
cnbc,5,katanya melalui laporan CNBC.,,
أنت,5,,,
ی,5,,,
ti,5,"Dari Hudzaifah, ia berkata, ""Apabila Nabi SAW hendak tidur, beliau mengucapkan: 'Bismika allahumma amuutu wa ahya (Dengan nama Mu, Ya Allah aku ma ti dan aku hidup).",,
اذ,5,,,
mpkl,5,"Yang Dipertua Majlis Perbandaran Kuala Langat (MPKL), Dato' Amirul Azizan Abd Rahim berkata MPKL akan menggerakkan anggotanya untuk membuat pemantauan di kawasan tersebut yang telah dikenal pasti mengalami limpahan air laut.",,
zayn,5,"Kalau tak, taktahu lah jumpa Zayn ke tak.",,
hsah,5,Tapi bila p bahagian kecemasan HSAH ibu ingatkan adik akan dpt priority sebab dia baby dan keadaan dia yg mcmtu.,,
sq,5,"Menyantuni dengan bimbingan EQ dan SQ, syarat unggul memanusiakan manusia dalam jiwa seorang hamba.",,
htj,5,"Harini saya nak share tips yang dikongsi pakar HTJ untuk galakkan anak 1-2 tahun bercakap perkataan yang bermakna seperti, makan, susu, mandi.",,
yamg,5,Ini tindakkan yamg tak betul & merosakkan minda & development anak dengan media tersebut tanpa aktiviti lasak.,,
tida,5,Aku bersaksi tida Tuhan melainkan Engkau.,,
raub,5,Sekarang abang dalam emergency room Hospital Raub.,,
nv,5,"It is owned by one of the largest dairy cooperative companies in the world, Royal FrieslandCampina NV, a Dutch multinational dairy company.",,
sps,5,"Kempen ini dilaksanakan dengan kerjasama Kementerian Sumber Manusia (KSM) menerusi agensinya dan PERKESO bersama agensi-agensi kerajaan lain yang disenaraikan dalam inisiatif SPS khidmat di bawah Bajet 2022. Majlis pelancaran ini telah disempurnakan oleh YB Datuk Seri M. Saravanan, Menteri Sumber Manusia dan disaksikan oleh YBhg. Prof. Tan Sri Datuk Dr. Hj. Mohamed Haniffa Hj. Abdullah, Pengerusi Lembaga PERKESO dan YBhg. Dato' Sri Dr. Mohammed Azman Dato Aziz Mohammed, Ketua Eksekutif PERKESO berserta wakil-wakil daripada agensi Kerajaan yang terlibat.",,
mco,5,"Tambah pula sekarang ni MCO lagilah anak-anak jadi taknak buat langsung"".",,
jps,5,"Baca juga: Mangsa Banjir Boleh Ganti Dokumen Peribadi Baharu Secara Percuma RAMALAN BANJIR KELANTAN, TERENGGANU KHAMIS & JUMAAT INI JPS dalam kenyataan malam tadi memaklumkan kemungkinan tersebut dikeluarkan susulan Ramalan Cuaca Signifikan oleh Jabatan Meteorologi Malaysia (MetMalaysia) bagi tarikh 25 Dis hingga akhir tahun ini.",,
rtw,5,Meriah sungguh sambutan malam KL Fashion Week Ready to Wear 2017 (KLFW RTW 2017) kali ni!,,
fmcg,5,,,
emy,5,"""Untuk masa hadapan pula, saya mengharapkan satu sistem pendidikan yang mampan ke arah menyediakan peluang dan skil yang diperlukan untuk pekerjaan masa depan,"" Emy Amiza, Suri Rumah 2. Mahu pemantapan pendidikan ""Mengesyorkan agar anak-anak sejak di ""play school"" diberi didikan dan bimbingan nilai-nilai kemanusiaan bukan terlalu fokus kepada pelajaran semata-mata.",,
leha,5,"""Aduh,aku baru je kemas rumah tadi, ini anak aku dengan anak si Leha la ni sepahkan barang mainan.",,
ribs,5,Antara yang menarik dan perlu dicuba ialah 24 hours Slow Braised Short Ribs dan TSP Cheesecake.,,
kaww,5,Mesti tahu nak tambah perasa bagi kaww.,,
mmc,5,terus siap2 husband bawak pegi MMC.,,
sume,5,lepas masuk ubat tu sume oksigen jd ok semula.,,
daie,5,Ikuti perkongsian nasihat yang dibuat oleh Muharrik Daie.,,
elba,5,"Antaranya adalah Samsung Washer Machine, Elba ERC, Haier Robotic Pressure Cooker, Sharp Pressure Cooker dan banyak lagi!",,
cars,5,"Ibu bapa Ryan memulakan saluran Youtube ini pada Mac 2015 dan telah berjaya menarik perhatian penonton YouTube selepas video Ryan membuka 'telur gergasi' yang penuh dengan mainan dari filem Cars, terbitan Disney.",,
bags,5,"6. Skincare & make up (sekadar lipstick je pun bawa je) 7. Toujours Advanced (and Toujours Kids for me, for the fruit & vege goodness) 8. Your favourite mug FOR BREASTFEEDING (satu bag) 1. Breastpump + ebm storage bags + botol susu newborn 2. Organic nipple butter (sebelum menyusukan) + Bepanthen ointment (selepas menyusukan dan terluka di dada ) 3. Nursing cover (terutamanya kalau kita jenis terima pelawat) 4. Silicone milk collector (untuk collect susu kat sebelah lagi waktu baby nyusu) 5. Satu tin biskut + susu kurma FOR BABY (satu bag) 1. Baju & sarung tangan kaki & topi baby (hospital selalu provide tapi risau nipis material dia, baby tejukkk) 2. Newborn diapers + wet wipes 3. Selimut baby (yang cuteee) 4. Kain bedung baby (muslin cloth) (pastu boleh practice dengan nurse cara bedung yang kemas guna kain sendiri) 5. Minyak perut baby + balm kulit baby (balm / organic lotion baby ni bagus sebab time awal2 ni kulit baby mengelupas, sayu tengok) BARANGAN LAIN 1. Extension plug + phone charger 2. Gift for the doc & nurses Setiap category buat satu bag supaya suami tak kalut nak kena capai2 & carikkan barang.",,
cbs,5,"Menerusi laporan CBS News, kes ini menjadikan bayi berkenaan sebagai individu paling muda direkodkan dijangkiti virus yang mengakibatkan kematian hampir 500 nyawa di negara itu.",,
ncwo,5,"Penyokong utama hak asasi wanita, NCWO menyatukan pertubuhan wanita untuk menghormati, melindungi dan memenuhi hak-hak manusia, menggalakkan pembangunan dan kemajuan wanita di semua peringkat, menyokong dan memantau penyertaan, penyertaan penuh dan perwakilan wanita dalam membuat keputusan dan memastikan wanita mempunyai akses yang saksama kepada dan ejen yang sama dan menikmati faedah pembangunan.",,
kpop,5,"Yang ada bling bling ke, yang comel dan stylo ala Kpop.",,
citi,5,Lanjutan Waranti dengan PlusOne Citi Kad!,,
nahh,5,Nahh.,,
mlbb,5,"Pertarungan bagi permainan MLBB pula berlangsung pada hari kedua, juga menyaksikan lapan pasukan yang telah berjaya dari peringkat pusingan kelayakan dalam talian bertarung bagi menempa nama sebagai juara pusingan zon utara.",,
codm,5,Pusingan Akhir Zon Utara Hari pertama pusingan akhir zon utara menyaksikan pertarungan bagi permainan CODM di mana lapan pasukan yang telah melayakkan diri mereka selepas berjaya mara dari pusingan kelayakan dalam talian terdahulu berjuang merebut gelaran juara pusingan zon utara.,,
mdec,5,"""Pendigitalan operasi perniagaan telah menjadi satu keperluan kepada PKS untuk terus kukuh dan berdaya saing dalam persekitaran perniagaan global yang sentiasa berubah seiring dengan perkembangan teknologi,"" jelas Mahadhir Aziz, Ketua Pegawai Eksekutif MDEC.",,
adra,5,"Mengisahkan tentang Nazriel, seorang bapa tunggal yang telah jatuh cinta dengan pengasuh anaknya, iaitu Adra.",,
pamb,5,"Anda berkemungkinan bakal menghadapi krisis kewangan Berkongsi pendapat, Ketua Pegawai Pelanggan & Pemasaran PAMB, Eric Wong berkata kebanyakan pesakit kanser mungkin akan menghadapi krisis kewangan selepas disahkan menghidap kanser.",,
depp,5,"Bersama panel-panel jemputan yang hebat antaranya Nurul Wahab Depp, Syarifah Aleya dan ramai lagi pakar yang berkaitan dengan topik perceraian ini.",,
وح,5,,,
jpam,5,Akhirnya terpaksa pihak JPAM menyelamatkan anda.,,
cruz,5,"Baca juga: Remaja Lelaki 15 Tahun Maut Ketika Cuba Selamatkan Ibu Dari Ditikam & Diangkat Sebagai Hero BUDAK LELAKI 11 TAHUN MATI SECARA TRAGIS, DILIWAT EMPAT BERADIK LELAKI & DIJANGKITI HIV Gambar hiasan: TheAsianParent Difahamkan, mangsa berada dalam keadaan koma dan mengalami dua serangan jantung pada Sabtu (11 Jun) lalu sebelum kanak-kanak itu disahkan meninggal dunia di hospital di Santa Cruz.",,
kete,5,"Sewaktu tu, saya bukan sibuk belajar tapi sibuk bermain; main muzik, gig sana-sini, main kete, tengok racing halal di Batu Tiga, tengok racing haram, lepak dataran, seronok tengok polis main kejar2 dengan mat Rempit, menyebok tolong/kerja (volunteer) kat workshop, jual barang kereta dan macam2 lagi.",,
hor,5,"Bagi yang inginkan diskaun, apa kata anda cuba satu cara yang dikongsi oleh Shiqi Hor.",,
xxx,5,Malangnya hospital di XXX (terpaksa 'censor' nama hospital) dan sekitarnya tidak terima masuk sekiranya bukaan serviks di bawah 3cm.,,
xpa,5,"Sukat yee cukup 0.5ml taknak letak pun xpa, pilihan.",,
acv,5,,,
asbn,5,"Tapi, disebabkan oleh wabak endemik ini, pihak ASBN mengambil inisiatif untuk memudahkan orang ramai membuka akaun ASBN secara online sahaja.",,
dzam,5,,,
maii,5,maii saya share untuk suri semua sama-sama kita bahagia.,,
yani,5,"5. Lokasi Kios KWSP Kelantan KWSP Kota Bharu Level 2, 3 & 5 EPF Building Jalan Padang Garong 15000 Kota Bharu Kelantan KWSP Kuala Krai Lot PT 5556, Taman Yani 18000 Kuala Krai Kelantan KWSP Tanah Merah Lot 655 Jalan Hospital 17500 Tanah Merah Kelantan Third Party Kiosk juga terletak di Pelbagai Bank & Aeon setiap negeri.",,
scs,5,CONTOH NON-PURE BUTTER: Buttercup FarmCows TwinCows CONTOH PURE BUTTER: Anchor Tatura SCS Emborg Golden Churn Western Star Philadelphia Kerrygold Semua ni selalunya ada dekat baking store Malaysia & supermarket Malaysia.,,
ict,5,"Ianya merupakan satu inisiatif Kerajaan Malaysia untuk membawa Negara ini ke hadapan dalam penggunaan ICT secara inovatif di samping menjana pertumbuhan ke arah mencapai tahap Negara Maju menjelang tahun 2020. Aplikasi Perdana MSC Telekesihatan dijangka dapat mengubah sistem penjagaan kesihatan Malaysia untuk menjadi perkhidmatan yang lebih bersepadu, meluas dan secara maya dengan tujuan untuk menyediakan perkhidmatan yang saksama, mudah dicapai dan berkualiti tinggi.",,
faiq,5,"""Cikgu cakap kat sekolah Faiq ni susah betul nak ikut arahan.",,
bkk,5,CARA MOHON BANTUAN KANAK-KANAK BKK 2021 Buat ibubapa atau penjaga yang mempunyai anak-anak dalam jagaan yang berumur 18 tahun kebawah boleh memohon Bantuan Kanak-kanak 2021 (BKK) sehingga RM1000 Sebulan untuk 1 keluarga.,,
pjh,5,"Jadi, syarikat PJH lain takkan boleh masukkan IC kita dalam sistem tu.",,
kueh,5,Kucai halus-halus orang buat masak dengan char kueh teow.,,
أصلي,5,"Untuk jamak taqdim: 1. Jama' Taqdim Empat Rakaat أصلي فرض الظهر اربع ركعات مجموعا إليه العصر اداء لله تعالى (Sahaja aku solat fardhu Zuhur empat rakaat dihimpunkan kepadanya Asar tunai kerana Allah Taala) 2. Niat Jama' Taqdim Beserta Qasar أصلي فرض الظهر ركعتين قصرا مجموعا إليه العصر اداء لله تعالى (Sahaja aku solat fardhu Zuhur dua rakaat dihimpunkan kepadanya Asar tunai kerana Allah Taala) Untuk jamak taakhir: 1. Jama' Ta'khir Empat Rakaat أصلي فرض الظهر اربع ركعات مجموعا إلى العصر اداء لله تعالى (Sahaja aku solat fardhu Zuhur empat rakaat dihimpunkan kepada Asar tunai kerana Allah) 2. Niat Jama' Ta'khir Beserta Qasar أصلي فرض الظهر ركعتين قصرا مجموعا إلى العصر اداء لله تعالى (Sahaja aku solat fardhu Zuhur dua rakaat dihimpunkan kepada Asar tunai kerana Allah) Akhir kata Semoga artikel cara solat jamak ini dapat membantu kita melakukan ibadah, walau di mana kita berada.",,
فرض,5,"Untuk jamak taqdim: 1. Jama' Taqdim Empat Rakaat أصلي فرض الظهر اربع ركعات مجموعا إليه العصر اداء لله تعالى (Sahaja aku solat fardhu Zuhur empat rakaat dihimpunkan kepadanya Asar tunai kerana Allah Taala) 2. Niat Jama' Taqdim Beserta Qasar أصلي فرض الظهر ركعتين قصرا مجموعا إليه العصر اداء لله تعالى (Sahaja aku solat fardhu Zuhur dua rakaat dihimpunkan kepadanya Asar tunai kerana Allah Taala) Untuk jamak taakhir: 1. Jama' Ta'khir Empat Rakaat أصلي فرض الظهر اربع ركعات مجموعا إلى العصر اداء لله تعالى (Sahaja aku solat fardhu Zuhur empat rakaat dihimpunkan kepada Asar tunai kerana Allah) 2. Niat Jama' Ta'khir Beserta Qasar أصلي فرض الظهر ركعتين قصرا مجموعا إلى العصر اداء لله تعالى (Sahaja aku solat fardhu Zuhur dua rakaat dihimpunkan kepada Asar tunai kerana Allah) Akhir kata Semoga artikel cara solat jamak ini dapat membantu kita melakukan ibadah, walau di mana kita berada.",,
raf,5,,,
elcb,5,"Bagi mana-mana rumah yang ada ada water heater, pastikan setiap minggu tekan test ELCB dekat water heater tu boleh trip atau tidak.",,
xada,5,di mekah xada gula2 angin hanya ada gula2 polo.,,
vid,5,Step by step ada kat pic & vid.,,
hepa,5,Ini secara tidak langsung dapat menghalang penapis HEPA daripada tersumbat sehingga menjejaskan kuasa sedutan.,,
eko,5,5 TEMPAT MENARIK UNTUK DIKUNJUNGI PADA CUTI HUJUNG MINGGU 1. TAMAN EKO RIMBA KL (HUTAN SIMPAN BUKIT NENAS) Taman Eko Rimba KL dahulu dikenali sebagai Hutan Simpan Bukit Nenas yang merupakan salah satu hutan simpan kekal tertua di Malaysia.,,
peh,5,Sebalik langsir. PEH!,,
vss,5,"Bagaimana pula yang kena buang kerja, atau bahasa korporatnya, VSS?",,
abiy,5,"Abiy taknak makan, tapi saya paksa abiy makan bersama.",,
fl,5,FL: Dengan bagitahu anak2 yang ibu bapa dia sebenarnya dah bercerai.,,
الض,5,,,
rabb,5,"Maksud : ""Maha suci Allah yang telah menundukkan (kenderaan) ini untuk kami, padahal kami sebelumnya tidak mempunyai kemampuan untuk melakukannya, dan sesungguhnya hanya kepada Rabb kami, kami akan kembali.",,
umm,5,"Daripada Ummul Mukminin, Umm Salamah R.Anha bahawa Rasulullah SAW bersabda: مَا مِنْ عَبْدٍ تُصِيبُهُ مُصِيبَةٌ، فَيَقُولُ إِنَّا لِلَّهِ وَإِنَّا إِلَيْهِ رَاجِعُونَ، اللهُمَّ أْجُرْنِي فِي مُصِيبَتِي، وَأَخْلِفْ لِي خَيْرًا مِنْهَا، إِلَّا أَجَرَهُ اللهُ فِي مُصِيبَتِهِ، وَأَخْلَفَ لَهُ خَيْرًا مِنْه ا Maksudnya: ""Tiada daripada kalangan hamba (Allah) yang ditimpa suatu musibah, kemudian mengucapkan: ""Innā lillāhi wa innā ilaihi rājiʿun (Sesungguhnya kami milik Allah dan pastinya kami akan kembali kepada-Nya), Ya Allah!",,
إلا,5,"- Hadis Riwayat Tirmidzi Doa 3 اللهُمَّ لا سَهْلَ إلا مَا جَعَلتَهُ سَهْلا وَ أنتَ تَجْعَلُ الحزْنَ إذا شِئْتَ سَهْلا (Allahumma la sahla illa ma ja'altahu sahla wa anta taj'alul hazna iza syi'ta sahla) Maksudnya: ""Wahai Tuhanku, tiada kemudahan melainkan apa yang Engkau jadikan mudah dan perkara yang susah boleh Engkau jadikan mudah apabila Engkau mengkehendakinya"".",,
bobs,5,"LEGO MYTHICA - JOURNEY TO MYTHICA mengisahkan pengembaraan Bobs, iaitu Alicorn kecil yang berani ke dunia yang belum ditemui, iaitu alam yang telah dicipta oleh imaginasi kanak-kanak, di mana makhluk LEGO menjadi nyata.",,
mk,5,mk Leteran adalah proses mencari silap bukannya proses memperbetulkan kesilapan.,,
ykk,5,"- Rafidah - ""Coach menggunakan beberapa jenis zip, antaranya ialah YKK.",,
alls,5,Nanti meja penuh you alls.,,
tkhm,5,"Menurut Pengarang Kumpulan Harian Metro merangkap Pengerusi Program TKHM, Husain Jahit, Harian Metro berbesar hati dapat bekerjasama dengan Hijrah buat kali kedua berturut-turut bagi membantu lebih ramai masyarakat memerlukan.",,
jkkn,5,"[/infobox] [infobox title='Aktiviti ini direalisasikan oleh JKKN & Tourism Malaysia - Selangor'] Lembaga Penggalakan Pelancongan Malaysia (LPPM) atau dikenali sebagai Tourism Malaysia ditubuhkan di bawah Akta Parlimen, Akta 481 pada tahun 1992. Penubuhan LPPM ini selaras dengan pemansuhan Perbadanan Kemajuan Pelancongan Malaysia atau lebih dikenali sebagai TDC pada tahun yang sama.",,
atv,5,Ada ATV untuk teroka kebun.,,
crh,5,"Ini merupakan peluang bagi mereka mengekpresi siapa mereka dan apa mereka ingin jadi, di samping menjadikan CRH tempat yang lebih mesra,"" ujar Dr. Roslan Johari bin Dato' Mohd.",,
أعلم,5,"dia sedang meminta kerikil neraka Jahannam, terserahlah dia suka sedikit atau banyak kerikil jahannamnya itu""³ و الله أعلم --- ¹ Hadith Riwayat Al Bukhari dalam Adab Al Mufrad ²Hadith Riwayat Abi Dawud ³Hadith Riwayat Muslim.",,
يث,5,,,
aya,5,"Juga terdapat ayat al-Quran (surah al-Hajj aya ke-28 yang jelas menyatakan orang yang berqurban untuk makan sebahagian dari daging qurbannya, hal ini akan terhalang disebabkan berqurban secara wakil ke luar negara.",,
يس,5,,,
lahi,5,"Adapun larangan menyimpan daging korban melebihi tiga hari dilarang oleh Nabi SAW kemudian Baginda SAW telah mengizinkannya dan ianya thabit di dalam hadith yang sahih lahi masyhur"".",,
bbyh,5,"(mungkin BbyH mmg nak sgt lahir LSCS, taknak lalu vagina mak dia Bby mcm tahu bahaya menunggunya) Sebaik sampai di hospital dengan air ketuban pecah, Dr B suruh Puan L cucuk antibiotik tetapi ibunya tak mahu.",,
pnl,5,"Dr P bebel kat PnL ""Lotus"" tu bawak kuman kat baby H masuk kat pusat, kemudian perut.",,
opss,5,Opss.,,
psu,5,"Program Subsidi Upah (PSU) sekarang dah ada versi baru iaitu PSU 4.0 yang akan dilaksanakan selama 4 bulan, bermula 1 Ogos 2021. PSU 4.0 akan disalurkan terus kepada majikan.",,
telo,5,"So hakak makan Capati, roti telo goyang dan ade hamba Allah sedekah nasi lemak free.",,
mfd,5,"Peranan MFD Kini, Iskandar aktif membabitkan diri bersama Persekutuan Orang Pekak Malaysia/Malaysia Federation of the Deaf (MFD) bagi membantu komuniti pekak di Malaysia.",,
dooh,5,RESEPI IKAN KEMBUNG PERCIK SEDAK DOOH Tak tahu nak masak apa?,,
daus,5,"Hanya berusia 4 tahun ketika itu, pengorbanan Firdaus atau mesra dipanggil Daus menyentuh hati ramai orang.",,
ishh,5,Ishh biar benar nak kasi anak kecil makan halia.,,
epa,5,"1.Mencantikkan kulit, rambut dan kuku Kandungan EPA yang ada dalam kapsul Omega 3 dapat mencantikkan kulit, rambut serta kuku anda.",,
pppd,5,"Akhirnya, mereka memutuskan untuk berjumpa dengan doktor untuk mendapatkan bantuan. Dari situlah mereka mengetahui tentang PPPD dan mereka berharap dengan pendedahan ini, lebih ramai pasangan akan menyedari tentangnya.",,
urid,5,"Baca juga: Tips Elak Urid Acid Naik Sewaktu Makan Daging, Minum Cuka Ini Dulu!",,
lice,5,"Ia juga digelar kutu kelamin, kutu pubik atau dalam bahasa Inggeris adalah Pubic Lice (Pthirus Pubis).",,
imtj,5,"Pelancongan Kesihatan Malaysia menang majoriti anugerah di IMTJ Malaysia telah memenangi 9 daripada 15 anugerah yang dipertandingkan di Majlis Anugerah Pelancongan Kesihatan Medical Travel Journal 2018, International Medical Travel Journal (IMTJ).",,
mhtc,5,"Maka tidak hairanlah, apabila TMC Fertility Centre menerima anugerah ""pusat rawatan kesuburan terbaik"" di dunia atau International Fertility Clinic of the Year di IMTJ 2018. MHTC bantu mempromosi khidmat kepakaran kesihatan Malaysia di mata dunia Majlis Pelancongan Kesihatan Malaysia (MHTC) telah ditubuhkan oleh Kementerian Kesihatan Malaysia pada tahun 2009 bagi mempromosi dan membangunkan pelancongan kesihatan dengan lebih teratur.",,
bsr,5,"3. Dalam pinggan lain gaulkan dengan kicap pekat 1 sdu besar, kicap cair 1 1/2 sdu bsr, kicap manis 2 sudu besar & minyak bijan 1 sudu besar.",,
akk,5,"2. HAK ANDA DI BAWAH AKTA KESALAHAN KECIL 1955 (AKK 1955) Selain APJ 1987, AKK 1955 juga ada menyebut tentang kesalahan letak kereta depan rumah orang.",,
ibg,5,"Media Prima Digital Wakil Malaysia dalam Inisiatif Berita Google (IBG) Bukan itu sahaja, portal permainan dan esukan MPD, MyGameOn telah dipilih untuk mengemukakan idea dan dengan sokongan IBG, berusaha untuk menampilkan cadangan isi kandungan bagi meningkatkan penggunaan kandungan dari komuniti pemain melalui penyesuaian.",,
tsh,5,"Pakej ini termasuklah: Ujian Nurseri, Kumpulan Darah, G6PD Ujian, TSH dan suntikan wajib (VIT K, BCG dan HEP â€‹â€‹B1) Pemeriksaan CTG (2 kali 10 minit setiap sesi) CTG check-up (2 times 10 minutes per session) Pemeriksaan bayi oleh Pakar Peralatan perubatan dan keperluan asas kehamilan Bilik 2 katil Antara kelebihan lain Pakej Bersalin Ummi ialah: PERCUMA 1 SESI sauna 50% Diskaun untuk 2 jam Pakej Spa 4. Bilangan Katil Tiada maklumat 5. Kemudahan, Servis dan Fasiliti Kawasan menunggu Wad Farmasi Nurseri Dewan bedah Harga dikira mengikut hari, makanan disediakan.",,
lsc,5,"Dengan pembukaan 10 Tingkat New Wing pada bulan September 2009, LSC sekali lagi berkembang untuk memenuhi keperluan rakyat Pulau Pinang, Wilayah Utara dan negara-negara jiran dan menyokong usaha kerajaan untuk menggalakkan pelancongan perubatan dan membuat LSC destinasi pilihan untuk penjagaan kesihatan di peringkat antarabangsa.",,
umsc,5,"Rujuk Pusat Pakar UM atau UMSC (Univerisity Malaya Specialist Centre) 1. KOS BERSALIN Bersalin normal : RM1,000+ (Anggaran) Bersalin pembedahan : RM2,000+ (Anggaran) *Tempahan RM500 *Menerima GL (Guarantee Letter daripada pegawai kerajaan) 2. PAKEJ Tiada info 3. BILANGAN KATIL 70 (setiap bilik 4 katil - bagi wad biasa) 4. SERVIS DAN FASILITI 1 bilik, 4 katil - Ruang yang luas dan selesa 1 bilik air Almari Makanan Percuma (termasuk caj bilik) 5. SENARAI DOKTOR PAKAR Dr Aizura Syafinaz Ahmad Adlan Associate Professor Dr Khong Su-Yen Professor Dr Tan Peng Chiong Pengalaman Bersalin di PPUM, 2012-2015 Rata-rata, ramai yang berpuas hati dengan kemudahan bersalin di PPUM kerana hospital ini menawarkan keselesaan dan fasiliti yang baru serta moden dengan kos yang sangat minima.",,
ariz,5,Pengalaman Bersalin Di Rumah Sebab Tak Sempat Ke Hospital 7 Ogos 2019 yang lalu Ariz Arshan genap 10 bulan.,,
fizo,5,Masa tu Mawar and Fizo Omar berjaya pregnant.,,
irdi,5,Shakira terpaksa berhenti belajar dari kolej dan menjadi buskers sepenuh masa dengan kumpulan Busker Cinta Hati yang diketuai oleh Irdi (Khai Bahar).,,
tbht,5,Naik van ke imigresen Thailand ( Sewa satu van TBHT 1300).,,
wann,5,Berikut adalah perkongsian daripada Puan Wann Rohani yang dipelajari daripada ibunya secara turun-temurun.,,
mpkk,5,"Perpindahan mangsa banjir melibatkan PPS Masjid Al-Islah/Masjid Al-Ubudiyah; Sekolah Kebangsaan (SK) Telok Gong; SK Johan Setia; Balai Majlis Pengurusan Komuniti Kampung (MPKK) Sg Pinang; Sekolah Menengah Kebangsaan Pulau Indah; SRA Pulau Indah; Balai MPKK Perigi Nanas; Balai MPKK Bukit Naga, SK Sg Bijai dan Sekolah Rendah Agama (SRA) Padang Jawa, Klang.",,
sra,5,"Perpindahan mangsa banjir melibatkan PPS Masjid Al-Islah/Masjid Al-Ubudiyah; Sekolah Kebangsaan (SK) Telok Gong; SK Johan Setia; Balai Majlis Pengurusan Komuniti Kampung (MPKK) Sg Pinang; Sekolah Menengah Kebangsaan Pulau Indah; SRA Pulau Indah; Balai MPKK Perigi Nanas; Balai MPKK Bukit Naga, SK Sg Bijai dan Sekolah Rendah Agama (SRA) Padang Jawa, Klang.",,
olie,5,Jom ikuti perkongsian Puan Salimah Olie untuk resepi cheesy wedges ala KFC ini.,,
sdm,5,Cara penyediaan inti: ½ biji kelapa parut muda 3 sdm gula merah / gula melaka 3 sdm gula pasir 2-3 helai daun pandan disimpul 1 cawan air 1-2 sdm tepung gandum (Sukatan gula boleh adjust ikut selera masing-masing) Cara-cara penyediaan: 1. Didihkan air bersama daun pandan.,,
fify,5,Gandingan mantap Hairul & Fify!,,
yatt,5,Rasa sendu pulak FB dah lama Kak Yatt tak share resepi dan tips mudah memasak ni kan.,,
jaaz,5,,,
ppa,5,"Kredit : PPA Untuk capai semua impian tu anda perlukan duit, setuju kan?",,
